filename,clean,dirt-clean-areas
253_jpg.rf.42e5fd4ade6931642a0d2754f1cdbe47.jpg,0,1
611_jpg.rf.183ede322f1a98da297b962af471e424.jpg,0,1
308_jpg.rf.54496efa5ca9bff2fbcd61d00949db03.jpg,0,1
259_jpg.rf.1ed38cc84870a980ee91605e2b5ac463.jpg,0,1
386_jpg.rf.f085c38ff596d96585a6cfda5053df35.jpg,0,1
176_jpg.rf.31c32d3b489e1781e6a6dfce8e1780d4.jpg,0,1
751_jpg.rf.c9e6e0f95fb293223c90af9fe2c9fe61.jpg,0,1
824_jpg.rf.f6946783f24811024609fedf3b61eec0.jpg,0,1
542_jpg.rf.1f467f424277527275759e9beb604602.jpg,0,1
1067_jpg.rf.2cdf9318e64db0804d0c3994cd7b3bcb.jpg,0,1
732_jpg.rf.3f781d05b73ee4b4c2c6dde211444a6b.jpg,0,1
611_jpg.rf.f631ee84e4b7ae879180f904d791a46c.jpg,0,1
841_jpg.rf.8326a482347a1ed4d7b040cd1fe144ef.jpg,0,1
16_jpeg.rf.b6bf63ea211e0d7b49660a069308e0d6.jpg,0,1
49_jpeg.rf.4f17baf99929141e95132032f76639ee.jpg,0,1
909_jpg.rf.3f3d5af33232368a2a91b4e06041a6f7.jpg,0,1
1092_jpg.rf.db776c5a88550f73ff6fe81df755a727.jpg,0,1
159_jpg.rf.44705de1031bb2c7018ad9d8a03372ec.jpg,0,1
18_jpeg.rf.e328326dbae8e34bb505f55c811d981a.jpg,0,1
275_jpg.rf.5a012edc2dcafdca1ba14eed1af78e84.jpg,0,1
898_jpg.rf.2fb92c8f35196fd0f8e22afd5b7a9432.jpg,0,1
49_jpeg.rf.4df6976d25cc4cbd89699f97e13e5acc.jpg,0,1
479_jpg.rf.875e87f35f58047a0fcb4c714aaaa97f.jpg,0,1
616_jpg.rf.a1eeddba475cd710c125e9b6d074a045.jpg,0,1
836_jpg.rf.35f68f1a7eb3f90bab84578b0759a457.jpg,0,1
1127_jpg.rf.5e801461bcfa8bcbcc16f6616d5d62c3.jpg,0,1
671_jpg.rf.107023f07589a4bf668f3319d1fc3a3c.jpg,0,1
214_jpg.rf.20e53a4ca9ea26318e865030f1ca2f88.jpg,0,1
732_jpg.rf.712de81909bcfff4a69920e554d5ea64.jpg,0,1
416_jpg.rf.4b66ec28c2bec9fa4c9538a118ab2377.jpg,0,1
275_jpg.rf.90f6132bfcdf421118564c0dff238b84.jpg,0,1
187_jpg.rf.bbdfec79fefbb29e2151c205ead591ee.jpg,0,1
837_jpg.rf.465359a7bbfbd9223152bb7aaffea3bf.jpg,0,1
732_jpg.rf.f146aead8c91d078972bf25e17b00792.jpg,0,1
1106_jpg.rf.5fdd58d2ee5eac7ec2bde5a81ebe47c3.jpg,0,1
434_jpg.rf.c76b0912e2f9d4df22e4251b4de80e5e.jpg,0,1
909_jpg.rf.500a86eb9f4de84716ecd54c48e37b7c.jpg,0,1
259_jpg.rf.56e94866a596bad2f37cd02a13a90fe5.jpg,0,1
217_jpg.rf.4533c2d65caff32793019f6aac75f731.jpg,0,1
466_jpg.rf.5ca83e7445f7076d17b2594cb550b724.jpg,0,1
553_jpg.rf.fea57264067a722fe2eba20760bd45ee.jpg,0,1
909_jpg.rf.8a8bfcb90dfc466f6dc47199e370df0c.jpg,0,1
1153_webp.rf.e1152c6330c984ff812e6c45c056e517.jpg,0,1
616_jpg.rf.1f714b53edbe4a06f687871639887c68.jpg,0,1
250_jpg.rf.be4f9db45494f8dd812cb7772c236c78.jpg,0,1
440_jpg.rf.901484d53765df6438e20bafa276e42c.jpg,0,1
1118_jpg.rf.9af4d59f0b4174b55712bb8191580103.jpg,0,1
83_jpeg.rf.f167fe2e30fff97b9e35aa1559b640c0.jpg,0,1
898_jpg.rf.bb885f424af936dafdd835176b7d4113.jpg,0,1
440_jpg.rf.08d9eb184ccf5d7e46c2d2b6dd3a7472.jpg,0,1
1106_jpg.rf.8faebfd20ef1ec5b8f6877b5956f4ab2.jpg,0,1
836_jpg.rf.397b4778da1d48487a9ea0a661a9b8f9.jpg,0,1
836_jpg.rf.2d798950ffc924409011a76f8aba8725.jpg,0,1
253_jpg.rf.3e3f273abee0875925b777d0ac3d0dba.jpg,0,1
217_jpg.rf.e355b9dae6c6354dbd5acfb921a27f8f.jpg,0,1
1153_webp.rf.91f6846e11732ecd2dc5b06d9044346e.jpg,0,1
841_jpg.rf.696f79cd7b7fd0c42f89eae23389cc93.jpg,0,1
1144_jpg.rf.2dcd2d213eb0b84b0630d8dd117666fc.jpg,0,1
214_jpg.rf.2af0dcc37c95e047ea4bb47aef918071.jpg,0,1
466_jpg.rf.a441995d0ce11e5b155060a36668c519.jpg,0,1
234_jpg.rf.2b07b827ac5566760c702741ce958fc0.jpg,0,1
1144_jpg.rf.b4555bb8db233f75e59a0dcf311f658d.jpg,0,1
611_jpg.rf.931a487bfa74d4df990b67affceb45de.jpg,0,1
259_jpg.rf.8ed65f6be21448e476e308e9aeb492b7.jpg,0,1
837_jpg.rf.25d48160f1f380261cc34ce133ab3629.jpg,0,1
257_jpg.rf.08b6ad27727755192d00cbeb2e8bdf7e.jpg,0,1
386_jpg.rf.29f219c649a10860969fc3f826ce7999.jpg,0,1
543_jpg.rf.2e2a515997f4aed4a8b7c5dc6bcd6515.jpg,0,1
705_jpg.rf.b050c25e45723c0052fda0c96d2dffc7.jpg,0,1
738_jpg.rf.1b87fc5dc87633736c71687fcbf054a4.jpg,0,1
906_jpg.rf.311b2e097a4714b08f12ddb58a0d108a.jpg,0,1
234_jpg.rf.7b2bda20e21a90e838aeb23177aafd93.jpg,0,1
174_jpg.rf.3d162e46b8e46762a13d9e4aa58e13c9.jpg,0,1
376_jpg.rf.e853b86dee14361dc7e5b355b2c47d5a.jpg,0,1
376_jpg.rf.1d8bfdd46a8f33e2a4b1e0a0dc60ad3c.jpg,0,1
472_jpg.rf.1b15631b6d457a3f7e6ea81b0ea253fc.jpg,0,1
376_jpg.rf.c5f5c06ba2b6392c898eb8813c7694c9.jpg,0,1
383_jpg.rf.f6f192c265b1e0328eb3b687d28ea929.jpg,0,1
839_jpg.rf.35a8af58efb817edeaf4bd0290c07a8b.jpg,0,1
256_jpg.rf.c5fa934e53ba8e6006605eff63af3087.jpg,0,1
757_jpg.rf.cb8059af35174013d455625d4572b4fd.jpg,0,1
46_jpeg.rf.d7c4951cded206195a50a8525f14586e.jpg,0,1
18_jpeg.rf.755aada1416963e025f4e70a6c1d7e15.jpg,0,1
671_jpg.rf.5ac94ea52b5d44015214b25155017da1.jpg,0,1
777_jpg.rf.c4d215bed390a11068225c6a8646b3ce.jpg,0,1
598_jpg.rf.b070054cc2516ee82babfd3cc61e1653.jpg,0,1
453_jpg.rf.ecc133383bce04222c702d835207f7b8.jpg,0,1
1083_jpg.rf.bd1d10ea7df65e14b550a6c87e82597e.jpg,0,1
636_jpg.rf.546c9df33d10a4ea1f8bc78ffc2bf1a1.jpg,0,1
616_jpg.rf.5bdd1b663fbcd86a3fd124c9efe5f9b2.jpg,0,1
440_jpg.rf.0687ba1255ec0b858ad796e1451740f9.jpg,0,1
21_jpeg.rf.d3f63d3eb3880d0340f7e8e4235deb7a.jpg,0,1
413_jpg.rf.37e07a6c4f1b7b18c118e1008282a086.jpg,0,1
1144_jpg.rf.0f54ee59988cd6ca84b29de097ded18a.jpg,0,1
49_jpeg.rf.bf4ae76872312748a493a65f0b7bf818.jpg,0,1
898_jpg.rf.12e9b870fff2da7abf1e739c84bd7b50.jpg,0,1
275_jpg.rf.a7442aa610ecad076a229b19134bd54b.jpg,0,1
214_jpg.rf.43c01adfa9c4386a9e7892647ba0a1fa.jpg,0,1
1153_webp.rf.7a94608bcac81b343cf6f45cd1eac2a1.jpg,0,1
187_jpg.rf.2514a61aa1f4ef91c9a0fe0d302bac39.jpg,0,1
580_jpg.rf.c5763db859d41ebae3127b49415dc15b.jpg,0,1
467_jpg.rf.698b696c086e21f7de9e5136fe0bed9f.jpg,0,1
793_jpg.rf.81ec260a209607dd137e0da9d7fe8558.jpg,0,1
426_jpg.rf.87fa81bff991f6def71ad09c1c7694d7.jpg,0,1
585_jpg.rf.b3ebae361670a5b1e3a548ba97c3ad69.jpg,0,1
1102_jpg.rf.d9e70d9fa8d4e3f529a674e2edb3410b.jpg,0,1
1140_jpg.rf.c1cccd23bc7bcc1863f5074a6def41ea.jpg,0,1
790_jpg.rf.9e8d74354b0bb40e0253dcab951dce9d.jpg,0,1
39_jpeg.rf.eeb68d32135f87dd6e31714900131bbe.jpg,0,1
852_jpg.rf.e46a527a51aff1c346c04957c9670a95.jpg,0,1
263_jpg.rf.f5f00a1f5374f58d60d86aa7ddd54915.jpg,0,1
1124_jpg.rf.ae0d2de69befe9d2a8a7937106cb9e65.jpg,0,1
738_jpg.rf.70673642e908a0dc5015305040c8ee33.jpg,0,1
728_jpg.rf.c4e913981ccdcfbbfee14d999d2a6b02.jpg,0,1
783_jpg.rf.42890ec3685d820bdae4f282cb6efaac.jpg,0,1
718_jpg.rf.26ed70be074c62661468c2d1fdd10504.jpg,0,1
351_jpg.rf.4ee53d1b636e62a92d74ba46451652f9.jpg,0,1
1119_jpg.rf.146b115bad03d4786c546ac2a265eaf8.jpg,0,1
2_jpg.rf.8845b57fecdd64d5fe57cdffc8bbc087.jpg,0,1
233_jpg.rf.955df2bfa8275633c9dfef80962f97db.jpg,0,1
790_jpg.rf.162b7fe1c6a1e05dde2387b197d45c45.jpg,0,1
595_jpg.rf.c443e3ac4f973449d4a24f538ef1d339.jpg,0,1
917_jpg.rf.83612365a4a85994085babf4e6da8e03.jpg,0,1
435_jpg.rf.57771c1808f07fb90f2fcdf8bb03d55b.jpg,0,1
176_jpg.rf.8ba7a575c6123b3004fc4c02ccc0a9fb.jpg,0,1
1092_jpg.rf.c2c67184747ee0223773c757c4a4eb42.jpg,0,1
1156_webp.rf.1d97520fbb04bdcddf7bd7a4643a6797.jpg,0,1
377_jpg.rf.6eddfb945b0e64fe5d7a75a191eea792.jpg,0,1
351_jpg.rf.973c50f30611655fee3f738c59d2e6b8.jpg,0,1
700_jpg.rf.fc5f30cbb5c21f3a0c2094f3c0e91f06.jpg,0,1
348_jpg.rf.7070c866db4f2302bf29d33d47b8c471.jpg,0,1
728_jpg.rf.da5618345db7537b62d8a65e4865c68a.jpg,0,1
246_jpg.rf.0580e4df00af93369d10778aef42174f.jpg,0,1
40_jpeg.rf.a1499faf6a1b583a9780b1ede4f5dcc1.jpg,0,1
325_jpg.rf.850fc3f755170a33eeabd4d9d81cda33.jpg,0,1
908_jpg.rf.8a2eca07365bd2f974e84c51ed5e46b4.jpg,0,1
174_jpg.rf.98836c498947113ee09dd14ce8c4fa02.jpg,0,1
1091_jpg.rf.72b2560f0fec53dc5b941ee3472676b5.jpg,0,1
196_jpg.rf.d39bfcad9355ce836451ed4c47907016.jpg,0,1
501_jpg.rf.767e920c7e569af0a1bf651718e09b06.jpg,0,1
1118_jpg.rf.a1836d09344bd7bd041519b7780f437f.jpg,0,1
614_jpg.rf.dd0a57d98247c644d6784e35f5544f83.jpg,0,1
257_jpg.rf.4909bcbd0ec91ec8813eb3aaf5adfbc2.jpg,0,1
757_jpg.rf.bc6818ab3ecb0e3654c85595842d01bf.jpg,0,1
547_jpg.rf.ecb69a100b4a282a25e89062ed2614f5.jpg,0,1
408_jpg.rf.a825d719e9e59cebc5ffe325d7c60c1d.jpg,0,1
1083_jpg.rf.309dfe0df457ceafd656979c43cc2dce.jpg,0,1
364_jpg.rf.678b674a3f1c5b3b9fe6f759a6dd78ed.jpg,0,1
742_jpg.rf.1cb81f055cb980947fb52186a5e2cd1d.jpg,0,1
1076_jpg.rf.767cf8e08ce8c07623c30a4159146475.jpg,0,1
472_jpg.rf.3a8eb4ed5abf3ca0f02c3914644997c2.jpg,0,1
902_jpg.rf.db12a160b0e6e407b87c3eca83f99d56.jpg,0,1
580_jpg.rf.f38b1e39a18d1297a431622dffea95fa.jpg,0,1
413_jpg.rf.3f128687bd91e864c763e1a9fa379ff6.jpg,0,1
17_jpeg.rf.8707bd08a6134aeab0d0358f2637d65b.jpg,0,1
1116_jpg.rf.e5852ae6887eb3f6b01f8eda8a07a6f3.jpg,0,1
661_jpg.rf.040e946784ea8268554106c39bd13d91.jpg,0,1
383_jpg.rf.da765f885bb9a8b1f1b8994766b93149.jpg,0,1
325_jpg.rf.191d47e6fcb4cb62bab005897f89eb2d.jpg,0,1
208_jpg.rf.f96260d8406ee1db01ec7388a7339470.jpg,0,1
869_jpg.rf.1144419c54689d0e0bd5267ff7aa55a0.jpg,0,1
25_jpeg.rf.09287dfe94210194e74d69b86ef92b1b.jpg,0,1
906_jpg.rf.bf7adc335324abe98975fa6f1cd2606e.jpg,0,1
453_jpg.rf.43c06b3dfa4406d1921423a890b939d8.jpg,0,1
543_jpg.rf.51832866e533f571a2674cf7693144e2.jpg,0,1
752_jpg.rf.d92f5478b070cae43c4b7b3d89347cd9.jpg,0,1
673_jpg.rf.f8ab235a191246d65f7f4c142ae4aa95.jpg,0,1
556_jpg.rf.9cefdde3fac15d36cd9156067b259278.jpg,0,1
494_jpg.rf.1af94a25fcdf89876d991fa2abca622a.jpg,0,1
1087_jpg.rf.d98b0c97a35512182d5326ab3585f5de.jpg,0,1
598_jpg.rf.aa6ff73919e59aeeff8bc59305891da6.jpg,0,1
142_jpg.rf.8243d29c056bcc9a30a34170e8e58021.jpg,0,1
212_jpg.rf.126e57a5ef386a665f91a500c5999d97.jpg,0,1
532_jpg.rf.3af6ad89d9f7930717d9db5420e5ea3c.jpg,0,1
661_jpg.rf.33654fc275efcf265f37ce7f7ee175b6.jpg,0,1
906_jpg.rf.60a3f0401ecde6b4e59c85ffc8253425.jpg,0,1
865_jpg.rf.483c046f35808488bc17db844130ebf6.jpg,0,1
46_jpeg.rf.4e6561e1ca80f369546f7e03bbf4f171.jpg,0,1
84_jpeg.rf.9155f1568702bfd5c96e43807f563eac.jpg,0,1
601_jpg.rf.c73793d130f14e6e67725809d02100e6.jpg,0,1
1083_jpg.rf.4777407d2654e59c077753b2a28a062d.jpg,0,1
231_jpg.rf.057ee8a95464084ea649fac40fb4e61f.jpg,0,1
556_jpg.rf.cdedde977af5e6b367c861461261a77b.jpg,0,1
852_jpg.rf.3109e177eeb8816732c8fa9666490ca5.jpg,0,1
91_jpeg.rf.6508108b4de96e6bf584b8b064bca740.jpg,0,1
543_jpg.rf.8d231048550bf5a72b806188772403ce.jpg,0,1
222_jpg.rf.b3c1f6206314728863492dc57182ea20.jpg,0,1
809_jpg.rf.ff186ebf6c323a4aa9bc2abb81d6ebf4.jpg,0,1
839_jpg.rf.050b0cc1d594ffdad108a5edae1450a4.jpg,0,1
2_jpg.rf.86a3d8a8017bd7b316c8ce10ed4089e0.jpg,0,1
865_jpg.rf.6391b414d31c3f09fc0d9dadbf523f17.jpg,0,1
896_jpg.rf.7ffd139d19e6d82f9247bafe60598793.jpg,0,1
1087_jpg.rf.5f434e9771f78564d61724967ff2958d.jpg,0,1
877_jpg.rf.58c3ececd2ca3c72588aa393bcecc285.jpg,0,1
793_jpg.rf.213da28d3ddf5fbea86f4887018bd0dc.jpg,0,1
471_jpg.rf.c3ad8ff4b815e536cebca9f5217a3931.jpg,0,1
1123_jpg.rf.03e1a19122af296ab60f619551b44a56.jpg,0,1
373_jpg.rf.68f4885c2811d30366ae41c139ac8ceb.jpg,0,1
453_jpg.rf.f56bdc56081d392c1301a10d7ad83c6d.jpg,0,1
373_jpg.rf.47544c4a573ee3aa4e3b777aa373370f.jpg,0,1
728_jpg.rf.168459891e39c11d463b12a1e36bdb95.jpg,0,1
619_jpg.rf.d284bc3173cd37a0f6e43e725dc2ef21.jpg,0,1
825_jpg.rf.d08dad3903f52d390c5abfbec3eabf6f.jpg,0,1
1140_jpg.rf.31486006f7b4ceca2351af4d8fe27b8a.jpg,0,1
579_jpg.rf.a92cc65d567d124bfffc21f51d7ed36d.jpg,0,1
908_jpg.rf.2787a9d503f5a69aea74e0696fa88086.jpg,0,1
790_jpg.rf.c5b50329942f0a0d12efff7dc6e1c3e2.jpg,0,1
272_jpg.rf.691c081127d0ab550361ef62a3e3c478.jpg,1,1
331_jpg.rf.04a9aca9f6452db6b3aa4bef8e6adbcc.jpg,0,1
196_jpg.rf.d34258ca55ca0654cce5b860f366e681.jpg,0,1
1076_jpg.rf.1a182e48124e9b5c0f69410d60d75957.jpg,0,1
540_jpg.rf.8ad1da12cae9670b6e9bb6725ee524cf.jpg,0,1
406_jpg.rf.f66a6cdb45abd941d3ef101f1308d80b.jpg,0,1
174_jpg.rf.1c7d90f2868a76f362130f21525e1b9e.jpg,0,1
795_jpg.rf.0900be36addfd1b661ce131198dc53ea.jpg,0,1
795_jpg.rf.002464be3a8347386e8fcc126ee68eda.jpg,0,1
573_jpg.rf.cdb2beb7f7b7fa3fd77e34633ebf40f2.jpg,0,1
1067_jpg.rf.9bdca7c35a3f448856ba0731d634a7da.jpg,0,1
83_jpeg.rf.06a09eba751bed75deea165dab4d75e9.jpg,0,1
1093_jpg.rf.bf3b5c5d38dd8b2aaed63fad79aee24d.jpg,0,1
1093_jpg.rf.0843e76097a84cf0516f408b5cb6fcc3.jpg,0,1
254_jpg.rf.be8f0624cb0773a8aea3ffdd866cdefa.jpg,0,1
1093_jpg.rf.6484a44b241e05a174773cce0eb6c582.jpg,0,1
394_jpg.rf.a69fa728a4fbd60e3221d59395d7d535.jpg,0,1
571_jpg.rf.bf5658d57cf22f6e1a218d47c3b39f3a.jpg,0,1
254_jpg.rf.23eab39d7d02ee6bb767e4eb42bf5601.jpg,0,1
825_jpg.rf.13de77fb014f285cb3f78116b8a93efc.jpg,0,1
355_jpg.rf.6da4e824668ba24b8d34779effe10d6b.jpg,0,1
124_jpg.rf.47c5de8db7e3822714ea64f78998a3e1.jpg,0,1
254_jpg.rf.37e0527ad967cd9a46d0fe5a6bebb243.jpg,0,1
902_jpg.rf.5c77e614065bb2fb7230f97febcc6797.jpg,0,1
52_jpeg.rf.b6c41c4bc8a17e4508f71fc3493d2626.jpg,0,1
233_jpg.rf.0ae15f6c641b8a4176bbe4d6d80177c3.jpg,0,1
626_jpg.rf.de2d36222243172c64a0fb81646b356a.jpg,0,1
742_jpg.rf.c5c0972c0f50424880ee29a4c2765dc6.jpg,0,1
124_jpg.rf.e17ad74d1599ea11c112d1ffba625256.jpg,0,1
474_jpg.rf.3897eaee1702f8cdab550ec9c65181c2.jpg,0,1
212_jpg.rf.f81e05fdeed1e144d6d355f878f07889.jpg,0,1
30_jpeg.rf.e35899295aaaeb10d297de09fd1b89c5.jpg,0,1
839_jpg.rf.e790ed4cee980a3f2d140325a5a10663.jpg,0,1
636_jpg.rf.e9fd1a0fac2560f1e54d79cec90f9216.jpg,0,1
1156_webp.rf.290634df7c49f491e7a8d664f975afee.jpg,0,1
467_jpg.rf.b189345938f62651bfee716b8e2a29c0.jpg,0,1
331_jpg.rf.b5ec1067db56330b71ebfb053374eeee.jpg,0,1
1109_jpg.rf.f35fbd90a14c83d0aa1a80e2dd87b4fe.jpg,0,1
21_jpeg.rf.38175453f3688c1392b58d10c5028d55.jpg,0,1
52_jpeg.rf.ddc28b111eeabc024451a41b5e630354.jpg,0,1
571_jpg.rf.6265f0cb4cf1bba8b7829959cdc9cedb.jpg,0,1
231_jpg.rf.78bc99c5f848c3f5a072f41aaf856e4b.jpg,0,1
673_jpg.rf.da46a11742e59489eb16db95caac35fd.jpg,0,1
83_jpeg.rf.ea6ab77e822c597c0b888fa286e226c0.jpg,0,1
406_jpg.rf.b8b681d802b2a21959e28c873f16a861.jpg,0,1
752_jpg.rf.bd455ee687f51ce5a2e812f3ba78f173.jpg,0,1
571_jpg.rf.798dede0ab6e473da7f531a6c6352516.jpg,0,1
21_jpeg.rf.5bc881f9aff50be9b207340fdae72f55.jpg,0,1
208_jpg.rf.9d2014db4892a280b91bffcdc70c7127.jpg,0,1
364_jpg.rf.1147e3ff97cf1833b75a93d27035cca0.jpg,0,1
355_jpg.rf.31a7c03a8737e39a52e758d540477662.jpg,0,1
188_jpg.rf.d0b6e0000c6c8f247405ecb864434550.jpg,0,1
377_jpg.rf.72a23a3d6488108e5081619ddafb8999.jpg,0,1
494_jpg.rf.3c00a461372fead3af1be610edbb3841.jpg,0,1
331_jpg.rf.b911d666497ce17129634f9275476b0e.jpg,0,1
580_jpg.rf.2a1a0d50663d5397e984f991a9060a42.jpg,0,1
226_jpg.rf.1da25bfaedee7610892b4936dc5fcf66.jpg,0,1
52_jpeg.rf.e5c09f22036ec9995fc848df2c832c66.jpg,0,1
142_jpg.rf.8d6ead8f2fa3f7c4fdcc60e4cac0e65c.jpg,0,1
394_jpg.rf.16389ecc4aa6c8fafca3f1bf66e1ada2.jpg,0,1
124_jpg.rf.3587ad384efa6ee83b36a00c411990a4.jpg,0,1
188_jpg.rf.59a693b3985095e4702f04c6dc6c28c4.jpg,0,1
72_jpeg.rf.2526f2d180b376fdd84b03108159bfa9.jpg,0,1
626_jpg.rf.383deb71db76041cb34b7b938faf79f3.jpg,0,1
355_jpg.rf.705e48ec2588b58bb6a773dd7cc7679b.jpg,0,1
869_jpg.rf.0c3c0f8a2091de3a7ebe9921bb69b2df.jpg,0,1
257_jpg.rf.518c36edfd694a7149863a566bfeff9f.jpg,0,1
882_jpg.rf.2afda19420d55722aff1910133cb8782.jpg,0,1
1129_jpg.rf.f08ff74deba2b6863672c1e49f17cca2.jpg,0,1
1102_jpg.rf.cea2c9696d9afe5ab4bd7a3c6ce3a4c3.jpg,0,1
626_jpg.rf.f267c32b9eab92d49460dbbf6a8a570f.jpg,0,1
472_jpg.rf.8bbfdb72a53f23832a3072c23e978e5b.jpg,0,1
455_jpg.rf.b7da369e5e0404e4234e47e852cdb548.jpg,0,1
757_jpg.rf.f2913e268e6f525a474d0d0f05094fdc.jpg,0,1
636_jpg.rf.aa4d5344660a6c51d49e0008e4f77f8e.jpg,0,1
298_jpg.rf.ee34bbad042dfe819dcea3a74319dc38.jpg,0,1
1124_jpg.rf.541da1ae09c7141a8e6da903a16e874a.jpg,0,1
671_jpg.rf.5b12f08d7378cead583be4384a84f56c.jpg,0,1
1076_jpg.rf.8682360ccd1a717801938349adede333.jpg,0,1
824_jpg.rf.a7cc83a488e4dc6368269c6251021167.jpg,0,1
262_jpg.rf.7c9e8c4877b4bbcaacac9052cffa9894.jpg,0,1
726_jpg.rf.03e4dd82d3c7be27e7993034910c3a2a.jpg,0,1
661_jpg.rf.657eb5c44560babf278d9010ffb8f56d.jpg,0,1
452_jpg.rf.661d2fc2d89adbed3e8ea17fcf363c23.jpg,0,1
1125_jpg.rf.28723d972078e7e722627261a4ae70cf.jpg,0,1
595_jpg.rf.6958fc1a935bfb59cf381b7bbce84988.jpg,0,1
841_jpg.rf.3ce30a53e5a7c8e1cec9f79d71327a9a.jpg,0,1
1146_jpg.rf.118d678aa0ae9b0a9d3c9b541d073663.jpg,0,1
598_jpg.rf.2f67553c6b3349be93bcaf390b541945.jpg,0,1
1127_jpg.rf.4bd4fb9523f618c654d94a44e0459fac.jpg,0,1
212_jpg.rf.1899e55231ceffe10803049b59aaad14.jpg,0,1
18_jpeg.rf.6776e635a036494a07ad91c841f30d12.jpg,0,1
811_jpg.rf.f3af085fd17fb94ec90aedb2205146ab.jpg,0,1
1087_jpg.rf.8fb7ad09e5dacd0dee256bbc2ece5b25.jpg,0,1
601_jpg.rf.cecac920cdbc2fddddab4201b4f17d44.jpg,0,1
187_jpg.rf.eca8755a78e2e4f707edd5399dd7846d.jpg,0,1
777_jpg.rf.fe0f015e4cb3aab29fadcdbcab75e794.jpg,0,1
310_jpg.rf.ef77ab5084282e9ba1265c8e130e7838.jpg,0,1
374_jpg.rf.ca853f28037f139aa32c78bc87805a0a.jpg,0,1
238_jpg.rf.4be4602e1d6c93e1d1166bae8fa5bc85.jpg,0,1
896_jpg.rf.e14a48208a20b9f585bf29641497b6de.jpg,0,1
628_jpg.rf.96aecfd07948cb9d4047fe3bdc2aa609.jpg,0,1
44_jpeg.rf.13e29d050904a7c37c26775cfd5b2895.jpg,0,1
1127_jpg.rf.1d6881700aa07dad731db506ce1306ed.jpg,0,1
1134_jpg.rf.fc62dd59a8ee10fa5b5003703a49b5c6.jpg,0,1
416_jpg.rf.f3a133edec51ab466cb79842812d52ef.jpg,0,1
46_jpeg.rf.3c7b979e821f03757c935875aff27082.jpg,0,1
1075_jpg.rf.1ffb600d36d880f433a4db4b91cf1ffb.jpg,0,1
525_jpg.rf.f84d6c59c6448ac5548290e883939296.jpg,0,1
795_jpg.rf.cf68638fd15067171bb0b12d998eff30.jpg,0,1
675_jpg.rf.c7e168e8e15b5e28cbf96423e27e75ec.jpg,0,1
251_jpg.rf.91033c610aa44691377d7ba330f79b30.jpg,0,1
645_jpg.rf.1f7e72f7381d4109ffb1dce1517c64bd.jpg,0,1
256_jpg.rf.36c1f8b29e74b53ebae302bd7e899b60.jpg,0,1
373_jpg.rf.20fb6fc6555a7a1faf9fd6919f77b7f7.jpg,0,1
556_jpg.rf.abf78e03349f1bee86df849b8c0ce647.jpg,0,1
406_jpg.rf.54a9710d739a6f67687491daa94c2e28.jpg,0,1
1067_jpg.rf.e419b57d3427c0e43d42b7a31804fd46.jpg,0,1
781_jpg.rf.5e153e733448bb48a63cc766d93781ab.jpg,0,0
865_jpg.rf.943e236bf0485a6ccd4fedc57faf8e29.jpg,0,1
420_jpg.rf.bb59fc3a2e0ecb5a1d873b8fc7702fbd.jpg,0,1
234_jpg.rf.9e71c5f33916a13f78ba2636a83427ab.jpg,0,1
125_jpg.rf.e89dd92ea02bc16060261d77e2fe41d4.jpg,0,1
719_jpg.rf.7811b8590212f9d52c090e59b6fa8ab6.jpg,0,1
573_jpg.rf.b8aa32c952a6220829baf6e49df05383.jpg,0,1
539_jpg.rf.1a158f50d2215503da1be1f21ba985d3.jpg,0,1
365_jpg.rf.0af8002fd3f9d8eaebe91680adf3be0d.jpg,0,1
902_jpg.rf.de57cdaa7f238ee16de9d909468ca931.jpg,0,1
217_jpg.rf.447f362faf7ec6c0a5b7b01eddf68286.jpg,0,1
824_jpg.rf.5192d8e2cf0d95cc0d6de800466c5122.jpg,0,1
573_jpg.rf.1b93829f426c422be410de6a72fcf605.jpg,0,1
367_jpg.rf.e2ae60971127837408a1094efe694b5a.jpg,0,1
231_jpg.rf.91fbd4c082a681ab66bb76cfb6a2c779.jpg,0,1
416_jpg.rf.9be38ed65c81868457faca0861a58de8.jpg,0,1
837_jpg.rf.96890ed0f479ff75930a6527d7aa8054.jpg,0,1
466_jpg.rf.b7631adf611bd5b327a9cd9c5562e856.jpg,0,1
386_jpg.rf.2bed1f9ffe3d3167b63b14f5df66476e.jpg,0,1
638_jpg.rf.b43174351d699da9fd68d17d5f8eb0e2.jpg,0,1
601_jpg.rf.959d061ad691b2baa75f418e33c4d6da.jpg,0,1
541_jpg.rf.8302b32a0252987c5d1f4d0d99367238.jpg,0,1
777_jpg.rf.6c89dc38601d493d9888aa095674f2a0.jpg,0,1
1106_jpg.rf.45cff4b2762afaa1a606bff0acc99ccd.jpg,0,1
256_jpg.rf.e6e7d76d36189c540368ff8631ddc297.jpg,0,1
253_jpg.rf.18d160b23918c019ae7bc863239187d7.jpg,0,1
111_jpg.rf.e3739f43d160766f0cc877e5b9ae3dfd.jpg,0,1
315_jpg.rf.f250f0b17ecce3d8e7186d14a7f52c42.jpg,0,1
15_jpeg.rf.23b0d112329be48e40047717056c7373.jpg,0,1
1110_jpg.rf.5b72f13eaae79eb1a69f11c887cbed0b.jpg,0,1
59_jpeg.rf.433f34610b9940912dc9d3095acace64.jpg,0,1
1148_jpg.rf.784d895a303d4daa5c675c86aad464f5.jpg,0,1
402_jpg.rf.f3c98095bc5a9dc92bcfe701b9fea886.jpg,0,1
488_jpg.rf.74ed445fdee0a9ed6004304e78b599d9.jpg,0,1
537_jpg.rf.6eb31c3776108a30683610fc59280a09.jpg,0,1
143_jpg.rf.a76fc127012c59ee52f8ceda654c3b1a.jpg,0,1
357_jpg.rf.99286f887e22140fb981e3c789a370f0.jpg,0,1
714_jpg.rf.dfb40e7e5798ccd01acd314937fcc383.jpg,0,1
337_jpg.rf.7e0e9d256d6479729e4ef15f5993368c.jpg,0,1
1142_jpg.rf.2716fb801226d0a5361e81454917919d.jpg,0,1
278_jpg.rf.0ac27a0b05f26888689db49d40a937d8.jpg,0,1
228_jpg.rf.8a8edb804312573e9c5ac9bf18b81ef0.jpg,0,1
883_jpg.rf.fd27d5ffa29c7f776d7b0205b736f8d6.jpg,0,1
132_jpg.rf.5eb5edf20750c25bfd481a8765d0c908.jpg,0,1
282_jpg.rf.3edf05d9d813577d58dc3b29c169a4d2.jpg,0,1
915_jpg.rf.3d143e9ef1957ceb561a4e97ce783fb8.jpg,0,1
1085_jpg.rf.7f66fca3095c33e381c839d5c6c73c4c.jpg,1,1
711_jpg.rf.1eea7c25292b0c91f3fc6c9faf13fdd9.jpg,0,1
787_jpg.rf.e16f8e95841a3f8e80fac85525f223d8.jpg,0,1
830_jpg.rf.cf8d740ae916f00551f67b9ea2bfafaa.jpg,0,1
857_jpg.rf.2a783ed987c87d9e076373ccdaedad7b.jpg,0,1
1089_jpg.rf.19f9d41c21500866260919b928af5c68.jpg,0,1
7_webp.rf.b6601aa19c23352af0e5f58972169972.jpg,0,1
405_jpg.rf.3020a5e8f4e8cadd280fd2ccb1fe6eed.jpg,0,1
643_jpg.rf.611392b26ed5b093f53e7353400f3eca.jpg,0,1
527_jpg.rf.06bd2fdc68246721e424cc17f8904604.jpg,0,1
19_jpeg.rf.51d09b29d83a4b6aad571d18eeecd11f.jpg,0,1
828_jpg.rf.ee68c60c925ff2ae26eaee8149f4bf9f.jpg,0,1
387_jpg.rf.36c26ec6a9450d54cf10672e82040c7e.jpg,0,1
863_jpg.rf.06443eff51689d2cbf1ed19850851204.jpg,0,1
228_jpg.rf.f050dedb8eab9f0cd43aa41e655a713f.jpg,0,1
850_jpg.rf.0c072bc2260ca86ecfa13397c901f213.jpg,0,1
487_jpg.rf.ede0e6b71c40778883f9ad970e09b7cf.jpg,0,1
874_jpg.rf.09b319021e9efe22ecbcdc79a14c181b.jpg,0,1
397_jpg.rf.25cfa4094a34c64569f1a83792ea7a0b.jpg,0,1
881_jpg.rf.a22a5b3fbb8597387ae7f7d774737eb1.jpg,0,1
641_jpg.rf.606f6d6cbb1c4f4df00252afc90ef49e.jpg,0,1
462_jpg.rf.42ab32228f8e45c15c76ce92982a1e05.jpg,0,1
24_jpeg.rf.c332b952eeab27fb5afaaf53f1fcae46.jpg,0,1
772_jpg.rf.4c316caf206efadd3a74c26963b506b2.jpg,0,1
36_jpeg.rf.7f01da2e91e1009cd0405b502fc7a3a9.jpg,0,1
33_jpeg.rf.0eec02d79a0b691dd55fd19f8aca9178.jpg,0,1
328_jpg.rf.67824659a9e5e789c5a156c3cf51b5cb.jpg,0,1
288_jpg.rf.9d1ac02c385a60e7992c59383cf9a58b.jpg,0,1
186_jpg.rf.2e839ff281763a974cff557f252d1299.jpg,0,1
393_jpg.rf.dc7633b34aab0fa3d856c8ba7da9e946.jpg,0,1
285_jpg.rf.189a3cabad7dcdc4a5594ebee8d41a4c.jpg,0,1
343_jpg.rf.09290f717bd0abe41cb21bb681f6e8bd.jpg,0,1
115_jpg.rf.168aa3d04068c410557eec178141ed25.jpg,0,1
848_jpg.rf.f6be936a845c8ce1e2a486df2bb39371.jpg,0,1
230_jpg.rf.1f8731caced34723e9d27c30df2ed58d.jpg,0,1
425_jpg.rf.8797ade532d3eccf4e017c342d8da5e0.jpg,0,1
1114_jpg.rf.750ead6362caaf289bae398b26ea6400.jpg,1,1
721_jpg.rf.23d473aefc35e16068e8625e1859d85a.jpg,0,1
58_jpeg.rf.07284f25333236af2a5e272e8eca09bf.jpg,0,1
38_jpeg.rf.a8f4a28687a50abd555d7538adfeac33.jpg,0,1
799_jpg.rf.a977c37d0229b3cb4c521c50fa2a19e9.jpg,0,1
730_jpg.rf.3086494751d889be9b7948c049c9264f.jpg,0,1
338_jpg.rf.00846558775d9c7ecb68d1f5cae0dff7.jpg,0,1
502_jpg.rf.fb7d0ae942d2980e7cb4d91e7b94df1c.jpg,0,1
537_jpg.rf.74e102159ec2578454d1fbdd3ca4b2de.jpg,0,1
722_jpg.rf.44e141600b21a9259159c3b463fe42f5.jpg,0,1
14_jpeg.rf.429841d09f0884fe52195eecfde3831a.jpg,0,1
746_jpg.rf.208f487aff69aa80369e3434c49884be.jpg,0,1
255_jpg.rf.a4e8f99603cab99fbfc9f91063174ef1.jpg,0,1
622_jpg.rf.f213b3b3ca0db90ec18731dc0a0349c1.jpg,0,1
439_jpg.rf.17591ad995acee5cf963d2c13ab72084.jpg,0,1
436_jpg.rf.9032d01a5263aca70a53ab1b291cc528.jpg,0,1
57_jpeg.rf.31fc8b310de714d786ea2cabfbc2896e.jpg,0,1
417_jpg.rf.c4a0c1f5d9a0b76d47fd14964be78edc.jpg,0,1
207_jpg.rf.2d1d5118d78ceee8b6d961183a8951a7.jpg,0,1
157_jpg.rf.d942fa415bea2eb275d38a727dcaffe9.jpg,0,1
509_jpg.rf.af44ea85206a12e867e3b7ce61838962.jpg,0,1
248_jpg.rf.950801250cb7d99dff485973b24a4bce.jpg,0,1
562_jpg.rf.6a1e785ad4a80952a02d72ec70b8c5ad.jpg,0,1
193_jpg.rf.1d7b12b99fa2cc8947bacc4dc78fec2f.jpg,0,1
433_jpg.rf.f2e4ef6d13b33f26006bfaca87a67a3b.jpg,0,1
854_jpg.rf.17f499eda8b695e9874c4ba89697e296.jpg,0,1
169_jpg.rf.822739d6bd38e99299015388e4cec1dc.jpg,0,1
48_jpeg.rf.938d9a51af8fee76803a207e8254f61b.jpg,0,1
192_jpg.rf.2a6bdbbdec869ba639980e928fc431e9.jpg,0,1
401_jpg.rf.862b4670287bb0b3a3d9badbeb3253eb.jpg,0,1
349_jpg.rf.28fcbcde1addf779eccf97e06f0594fe.jpg,0,1
562_jpg.rf.fb79f5675b5745d1ae8c6f64ddf912e6.jpg,0,1
794_jpg.rf.b178769d755a5871fdd4246a306d1020.jpg,0,1
344_jpg.rf.3b0fe292043feb2a593df699c641628f.jpg,0,1
401_jpg.rf.3255f163bf146b3bac906841465c850d.jpg,0,1
549_jpg.rf.9450a838a2f5dc7f8b934d9ef567d5f3.jpg,0,1
668_jpg.rf.ad5e8ea9fee824474314800f9b59a898.jpg,0,1
1155_webp.rf.966093873ed0ba84c29280f09493c3f0.jpg,0,1
855_jpg.rf.e9fbe451823ae2a60225df1248c6b52a.jpg,0,1
372_jpg.rf.4b1bf2957f529dc29b587da4ffe7e089.jpg,0,1
557_jpg.rf.d691915d55b439d8b7b2d1f567c8f2af.jpg,0,1
804_jpg.rf.e3d18fb43ba7e6cc5fb64dc4162de7f0.jpg,0,1
449_jpg.rf.79c7fc3f410905483b78b77d66f8f7a7.jpg,0,1
216_jpg.rf.958a774430bb60b5bca05b9b31624249.jpg,0,1
662_jpg.rf.13dc7aa22dfd2f3c104737612792f20d.jpg,0,1
309_jpg.rf.9447f4862ca423c44b16917e1c8ce69f.jpg,0,1
510_jpg.rf.1319da4126388ba83026cd5f9f19d124.jpg,0,1
45_jpeg.rf.329b42895a50402107cabb455cf9fc7c.jpg,0,1
140_jpg.rf.409b092a540ceb4b05e17f5a0e54ff63.jpg,0,1
1062_jpg.rf.f59505965acf9b5cb7076eff7af97edc.jpg,1,0
1155_webp.rf.be3cced84982ce779970278e7b2ae03b.jpg,0,1
1062_jpg.rf.786f8913472cc51743105b5031698268.jpg,1,0
60_jpeg.rf.56db30950c5d263c3b87f022f369c4c7.jpg,0,1
48_jpeg.rf.4a9389505778cb90a3eab0074637d735.jpg,0,1
704_jpg.rf.c9e2e2a3e1018d63ee51f238dc647ce2.jpg,0,1
285_jpg.rf.41cd94d4847f5987c496b1bc69512a06.jpg,0,1
361_jpg.rf.58ac60428b5255607ab0c019a23015dd.jpg,0,1
183_jpg.rf.04a542e3de38fd1e7699507d73705e19.jpg,0,1
1071_jpg.rf.33f1f2096ac023f1167c86e0e4751a68.jpg,0,1
510_jpg.rf.8aabe04750c4ffb72cb4b0132673f839.jpg,0,1
670_jpg.rf.bce64f2a0024251138dba2ac195b63f8.jpg,0,1
236_jpg.rf.2d02ac5935ae113325b1991e690eac2c.jpg,0,1
132_jpg.rf.9409e7c828860c0fb65481cef93d9b65.jpg,0,1
496_jpg.rf.d7a3cdad3f18d93f2fb756e37ce72947.jpg,0,1
236_jpg.rf.365152138d609b9a652053b2f4f54d2f.jpg,0,1
747_jpg.rf.e45e3287c04dd4ee98d528f53756a4cd.jpg,0,1
1126_jpg.rf.d726f6d44699df8dce3019c9beb07cc5.jpg,0,1
821_jpg.rf.b05f753563063161c9e8f7d469fe2328.jpg,0,1
202_jpg.rf.91d27f120d1defd8220255c0c3f2f02d.jpg,0,1
439_jpg.rf.0d9969d950acbed56a69776f85a885ff.jpg,0,1
195_jpg.rf.80be6a36617a13d15b3e1377f738a0b1.jpg,0,1
711_jpg.rf.e96a0766b041cb16b539024ee98addbc.jpg,0,1
715_jpg.rf.c9f67df733f721e72071e1caec1c0d09.jpg,0,1
218_jpg.rf.4db86a7bf4fda7cb2f52e7e08968fd92.jpg,0,1
213_jpg.rf.6fbc5d3879d88ba8ef11bbf93b0f1f4a.jpg,0,1
1095_jpg.rf.85c7c2b016cd0ce62ab5eef7e04db5bd.jpg,0,1
192_jpg.rf.d5044f66aa765b88f6a196ec8058d8dd.jpg,0,1
207_jpg.rf.8aabf69fa8468e8935aa7b098d8977b1.jpg,0,1
1104_jpg.rf.439ca762a27b82fdbe3e37abf7470287.jpg,0,1
369_jpg.rf.762bae94eca6e7427ae6d99fd68bbaab.jpg,0,1
14_jpeg.rf.cfd68f3b7ce5f0bc82bb723dac44fc5b.jpg,0,1
819_jpg.rf.eb8c2b6a7044b2dd6516238e6b2e0b6a.jpg,0,1
554_jpg.rf.1f79050f6ba1fd954d2088840b8f9a85.jpg,0,1
706_jpg.rf.e00e7e0eadccb5dddc6d428df7d03b06.jpg,0,1
85_jpeg.rf.c8c2b6003f63137f34fe9435dcaffa1b.jpg,0,1
621_jpg.rf.7524e7a3b6b33b86b854301bd1860908.jpg,0,1
35_jpeg.rf.a9c56a877f516fbe88b4d8467f37ae43.jpg,0,1
202_jpg.rf.69c65ccb363ceb0e4f05b341997966a4.jpg,0,1
706_jpg.rf.e675571c4177f53c6d468a28c174649f.jpg,0,1
554_jpg.rf.367f3fb076f88fade0a7a66e367571dd.jpg,0,1
75_jpeg.rf.0bd230623d99baf879fabdd9f0b4c273.jpg,0,1
175_jpg.rf.0bf612b81afa151ba76b96a59ed1e84b.jpg,0,1
320_jpg.rf.5a000b45ae282b008745ecb3a5950ce7.jpg,0,1
557_jpg.rf.cbded7c4ed785549d45e88b9594b443d.jpg,0,1
804_jpg.rf.ae2ed7a08d48e41c22304f587f55d8b6.jpg,0,1
274_jpg.rf.68dce829ccddee8b3d7fcc8166851753.jpg,0,1
163_jpg.rf.9915b87086231a8dca7e78c99fe4890a.jpg,0,1
1095_jpg.rf.5019c4ede6ae3a15bedca599962012f1.jpg,0,1
622_jpg.rf.9d71a441461d86f631ac2063275f066b.jpg,0,1
169_jpg.rf.41e76dd945c62e6a1c43a7ca4cfda700.jpg,0,1
559_jpg.rf.f1384370e81cc35a16af0b80879ddc8b.jpg,0,1
320_jpg.rf.75ddc30bbe3d4afd74ae6b8811774cc6.jpg,0,1
201_jpg.rf.3a4a114f53475115a488ffafc0c64eb0.jpg,0,1
715_jpg.rf.a1accc3029802b8d8fda31994e82ef6a.jpg,0,1
314_jpg.rf.4c0f4f07b41bcf5485ca73d42ef1b8ca.jpg,0,1
1101_jpg.rf.56498a3a5ff721963b45d339990df3b9.jpg,0,1
427_jpg.rf.79ef00a12eebf222afd1c1d665e481fe.jpg,0,1
618_jpg.rf.7a703a815bd5692c90f22fb302a193d5.jpg,0,1
113_jpg.rf.b4767bf8e6dc87cdfa18ef945d3f7c6a.jpg,0,1
144_jpg.rf.532549f052782eb6a852a597eef794c0.jpg,1,1
891_jpg.rf.c99a647c79f9f1f04993020478b6784e.jpg,0,1
853_jpg.rf.f69c246e7caaa8a1c306377fb2699024.jpg,0,1
32_jpeg.rf.3535eaa140b43654f6ba2a592031026c.jpg,0,1
770_jpg.rf.f7a826a160474ce7812c5ebf4037f3b4.jpg,0,1
895_jpg.rf.eb62bde656105ffab94a449d2692da5e.jpg,0,1
1142_jpg.rf.e6b8c42dec64010e2f5bb45a8561da4b.jpg,0,1
834_jpg.rf.41eb28827cf407e792ad80787c9ded61.jpg,0,1
20_jpeg.rf.657955d0ba8dd0db5729b264968a6ba0.jpg,0,1
561_jpg.rf.e7f0182bf8559d70ec78b11a68a236ee.jpg,0,1
744_jpg.rf.857f32ae45a900c5a7fdf6df798f332b.jpg,0,1
527_jpg.rf.a6018f79dbcd960de91085eb712cd985.jpg,0,1
282_jpg.rf.718a27e2eda5b10cf6d3bcbdd53f9ccf.jpg,0,1
130_jpg.rf.9c94a30e35f569e388061ee9b461a8cc.jpg,0,1
881_jpg.rf.255d29bf4bd59e7081f6faf49604096a.jpg,0,1
772_jpg.rf.e794c8d828e9087d8df2375fd5340bf9.jpg,0,1
773_jpg.rf.84ba81121be848e47a6cd1ccd7935af4.jpg,0,1
278_jpg.rf.973d0235b1ecb408a4e60255fbf33cd8.jpg,0,1
1099_jpg.rf.e1703635d88fc5da09862ee1b3e7b3a4.jpg,0,1
830_jpg.rf.268a5d861495f22ccb19c3f70e4f1f80.jpg,0,1
221_jpg.rf.d0a4afe5e7cae36e61ae53a8259964eb.jpg,0,1
397_jpg.rf.894e62371fe3e9e675698acbe28a856a.jpg,0,1
344_jpg.rf.cf7dfba636c32df4b6e7ae95bea57eba.jpg,0,1
874_jpg.rf.ad098dda3a947294173d9717c2f5f228.jpg,0,1
5_webp.rf.4c971935ec0eca3484d678d465f51c0e.jpg,0,1
915_jpg.rf.6e1cb66dfbe3a5b0f8a5b072b37ba57d.jpg,0,1
346_jpg.rf.f30bcc3bee9953d026df647d82d105f0.jpg,0,1
369_jpg.rf.80425d9a02564bace829a9f048f6608c.jpg,0,1
806_jpg.rf.eb9783b3890560dc3f6b4c177e8dbaf7.jpg,0,1
509_jpg.rf.f0614d176aaba6c2edd4b7edff34bd50.jpg,0,1
652_jpg.rf.c43c982d6aa9fcbfb25d1035e8a57343.jpg,0,1
799_jpg.rf.d3b617fb373fd643384d26008eb4b580.jpg,0,1
340_jpg.rf.68ad5237b6d149ad931c1165c0445c5f.jpg,0,1
379_jpg.rf.323b9240f8663a3613c8f86a8ab89b67.jpg,0,1
157_jpg.rf.3c34858dfbf5be4d25bfc44ac377d301.jpg,0,1
130_jpg.rf.3e5771f3ecc4df3745032530c988a14a.jpg,0,1
1139_jpg.rf.659cd1f574f07c2cb7f306eced182f9b.jpg,0,1
398_jpg.rf.01cf7c52fbdbcc428fd50bf29ed0a1e1.jpg,0,1
90_jpeg.rf.5f61f15526e1fbc2618e0e1d3a6a8337.jpg,0,1
58_jpeg.rf.c90b811787f20cd053b46bd82f132729.jpg,0,1
286_jpg.rf.bd5ed5ec6a6cc70e137e13134045789c.jpg,0,1
551_jpg.rf.fb189cbd02220a75c235412cef5efb83.jpg,0,1
641_jpg.rf.abee054818ff994f056fd851e0029519.jpg,0,1
304_jpg.rf.9faf15258565c2ba17ee2681b3c69ab3.jpg,0,1
1080_jpg.rf.c93430e4ca2e4409d7d422fd38239fc1.jpg,0,1
57_jpeg.rf.5668cfdfc42d26c716be2c94d249d3eb.jpg,0,1
501_jpg.rf.84247194c3c2778d38d7e75902eada72.jpg,0,1
533_jpg.rf.d40408618ec78aaf7d229d20d7c50b1c.jpg,0,1
873_jpg.rf.874e7595fe858a41e5b3023d11985979.jpg,0,1
88_jpeg.rf.11677bfec9567373c1356171e5de7680.jpg,0,1
345_jpg.rf.e5badcf2a18836b1d8432c0ce2ff29c6.jpg,0,1
4_webp.rf.0804e1630d7b216eb7620d57bb46b97b.jpg,0,1
143_jpg.rf.32adb4efa6f973cf0d57d9f06598e70b.jpg,0,1
237_jpg.rf.9b943a687f78d67554762a8424ff265d.jpg,0,1
644_jpg.rf.08619da649f8695eac3fdcc4011883c4.jpg,0,1
482_jpg.rf.b8910ba897a6ce38903ff54ac66a2ecc.jpg,0,1
1119_jpg.rf.bfa83ae9bdf8170d41dbf6590f74975f.jpg,0,1
754_jpg.rf.e0450a721461de962aee3848a63a3c38.jpg,0,1
605_jpg.rf.a669bcd763f60fb2b3c41acefa49228f.jpg,0,1
22_jpeg.rf.742ba97ea4e1491bb581e7f4acab089d.jpg,0,1
513_jpg.rf.4606d6c9c6fd011bed0585967118fa11.jpg,0,1
516_jpg.rf.a396aacd64b3f8c127aea54993f39a0f.jpg,0,1
311_jpg.rf.3a0c598f9851f2d43048ae43ecce1947.jpg,0,1
205_jpg.rf.534b4859febaae0605c048da2f3f5aea.jpg,0,1
527_jpg.rf.810345b27548dc2ae5c02c25023389ce.jpg,0,1
500_jpg.rf.d071c4a23daf9e5deaf355d6e463f679.jpg,0,1
1135_jpg.rf.955b3189ff617e013af5bc918689ee60.jpg,0,1
504_jpg.rf.05597ad538ac24190a3b2c63296cef97.jpg,0,1
139_jpg.rf.e4e13af8e10ef1a12767f0d9f2200afe.jpg,0,1
667_jpg.rf.800a0b90c6e45c889fe2b459592ac52f.jpg,0,1
749_jpg.rf.4c67cc5409c40bee7cb6f35a464f302c.jpg,0,1
261_jpg.rf.20af9c2e1eb42fde2f5dae4b70d1adc2.jpg,0,1
843_jpg.rf.77c94ea2811730e0032b1f540df4f2ad.jpg,0,1
303_jpg.rf.bdd11d1ba03f39a03d9a57ee7eefd5ee.jpg,0,1
269_jpg.rf.effa547cb6fcd3ee7ab0e0d292baa74e.jpg,0,1
354_jpg.rf.d0a48e91ac29a43ae666283878b4569c.jpg,0,1
252_jpg.rf.fc55c3aed94312a9edb2ac555c401298.jpg,0,1
603_jpg.rf.2f87cfefde77b56a885c46555efa6a53.jpg,0,1
431_jpg.rf.9c04f4d3515a8daade7edc6d1c58f24e.jpg,0,1
92_jpeg.rf.80703240133d27bc0b898699694766da.jpg,0,1
361_jpg.rf.9176ef4368be39ea7819dd3f816f0ee5.jpg,0,1
57_jpeg.rf.4e537a9359579875561a334d718d34b4.jpg,0,1
806_jpg.rf.fba63b9f23798a2c224c03b794ce1146.jpg,0,1
335_jpg.rf.067e969fe8ceec878d268368b373cda0.jpg,0,1
514_jpg.rf.48638a6b3862c44439fce443407bd977.jpg,0,1
183_jpg.rf.db8c2d04b59bc6de599ba5c09bcee824.jpg,0,1
180_jpg.rf.adb876d29a6c9bcdde44d875f9d6e4f7.jpg,0,1
207_jpg.rf.55349b7a44bc66950f853ea623baef30.jpg,0,1
346_jpg.rf.0c41da00a69cab55bb287e9b2af71b52.jpg,0,1
715_jpg.rf.50e51ff57785f0c79d7eb35031623882.jpg,0,1
165_jpg.rf.8dcaef47e6ce720f2786b4de5e3c5ef5.jpg,0,1
296_jpg.rf.345393a72c2fd0512bd6a8c39fae58c6.jpg,0,1
1082_jpg.rf.470cd4a009287adb40ad675ccca008eb.jpg,0,1
372_jpg.rf.95a04cdbb08f41c59e7bc4c2bcae4dfe.jpg,0,1
510_jpg.rf.c39ff1699980d9457c884fadea35694c.jpg,0,1
403_jpg.rf.797081e76a003cf2328df110b22c2342.jpg,0,1
766_jpg.rf.3a4f83a754a3b2553a6bb61844139c43.jpg,0,1
369_jpg.rf.07f9c62e93d8f093d7444479196be300.jpg,0,1
552_jpg.rf.6bf10d9161e097f5dbe8a021d4999c60.jpg,0,1
592_jpg.rf.65c6c82d3fe82c27374859128b46205f.jpg,0,1
384_jpg.rf.0f851bfd83c4300ed1316f861ad4c034.jpg,0,1
1143_jpg.rf.2743389148cf4fad5a3fb1e0126c9dcc.jpg,0,1
317_jpg.rf.11cf51fa6603758d091c8209f035273c.jpg,0,1
263_jpg.rf.b6575080eab18dfaa5f3a0356b07f980.jpg,0,1
17_jpeg.rf.419992179f23c0c8734f2dd5a9760a47.jpg,0,1
491_jpg.rf.59b103f57e25f1c1195987b4bd2f3aa4.jpg,0,1
375_jpg.rf.873e1f521d3cf85053a1fc683affd9d0.jpg,0,1
202_jpg.rf.d164d6b2ab5f13fbd4f40f2f4ab2e05d.jpg,0,1
804_jpg.rf.a7a9adb7fb396e95721e754c72e7c056.jpg,0,1
421_jpg.rf.ff518bfaf4ee4de9c185602253b0ad36.jpg,0,1
706_jpg.rf.8dfc431c07312f031f43d73117730245.jpg,0,1
577_jpg.rf.ee8391a584079cd33575065d978bc4cd.jpg,0,1
718_jpg.rf.d0dfd655507ff83bd37c4378c6edf4aa.jpg,0,1
270_jpg.rf.10202260dd04218f538d47607c94bbb6.jpg,0,1
1154_webp.rf.3c4730b3220b2dd3d238dd8646de1e45.jpg,0,1
409_jpg.rf.5069da1d1a048024e780392f1b5b67ae.jpg,0,1
85_jpeg.rf.53396c4ad146f69913355d35286a8834.jpg,0,1
470_jpg.rf.cc4a7cfdd0231c2fc1a94d88d69bafeb.jpg,0,1
834_jpg.rf.bdb8d9f34f3e2e49def1a231f392b8fb.jpg,0,1
662_jpg.rf.f9a2a6c019640e5ac9e2dba0f162213a.jpg,0,1
193_jpg.rf.3f6b1efd4ec0f125e4bd37b2bc71711b.jpg,0,1
1091_jpg.rf.7ee224cf5ba23418d184a9654ff1e13a.jpg,0,1
163_jpg.rf.b82a7154974114ff3bc68b3d42289d9e.jpg,0,1
874_jpg.rf.3d9215994c989e5d74ba1418e1eec7d1.jpg,0,1
245_jpg.rf.6d92e8de0711e53c3301cc96c13bfc52.jpg,0,1
641_jpg.rf.a6ff7f18d7d4d332c1b89046489430fc.jpg,0,1
1095_jpg.rf.3c7b879c2fff52198a3d0610c6926486.jpg,0,1
547_jpg.rf.bac07603abcf0b4b0c8a477fe5e8f410.jpg,0,1
838_jpg.rf.95328f1e0c63044fd4ae7742aae362a7.jpg,0,1
58_jpeg.rf.d532b4ee25bcfaac2e8fbac0b5f2faf8.jpg,0,1
1136_jpg.rf.e5a9d04f5fb6cdc8f8c01e2172ef8de6.jpg,0,1
175_jpg.rf.52c9a05c1ae833e4f46287311d7fb0c9.jpg,0,1
1126_jpg.rf.a847cae65405885d3c616e41352832b6.jpg,0,1
14_jpeg.rf.e11391766bd23e09ccbee9348a13c610.jpg,0,1
915_jpg.rf.232202034f131c7401381d101c63794e.jpg,0,1
830_jpg.rf.e1ee9f11e4b9ee7cb760a79527e30d65.jpg,0,1
157_jpg.rf.c2ecb3edc282419a484e78a75fab4f72.jpg,0,1
622_jpg.rf.14376d57a5214b1f645cb4206202aeb3.jpg,0,1
278_jpg.rf.0adb51e5ac7114d3fdfe24f1205911c7.jpg,0,1
554_jpg.rf.4627f669aa40030cc8de105d96c43a6e.jpg,0,1
772_jpg.rf.5ddd73d596deac63adfe7e9f7331f780.jpg,0,1
280_jpg.rf.0593e13e5b82f5fb3ea20b86f91465fb.jpg,0,1
248_jpg.rf.f37c030a8c123ff1d30c910e7ef45d32.jpg,0,1
213_jpg.rf.9a0cac6e3d541323fcace10276cd749c.jpg,0,1
192_jpg.rf.f18e1442834586be0dde53acbbf69a87.jpg,0,1
822_jpg.rf.be95c40d62f22c8ec19f094f352e874b.jpg,0,1
583_jpg.rf.0584d5f8a754d6b709ce387bf2a2fddd.jpg,0,1
301_jpg.rf.94b066484a8652f58f859682a3f86a65.jpg,0,1
653_jpg.rf.31f279d8765b9b49eb7a6053bf150fd4.jpg,0,1
585_jpg.rf.08bd200317e246752791ab6e26094c50.jpg,0,1
1080_jpg.rf.158b8cd77c77dd1e63f9773671a2fbea.jpg,0,1
652_jpg.rf.40d73a5e33cd41dac48f28cd8b293bb2.jpg,0,1
218_jpg.rf.d6761ce572cabf73f4484cb1cb9c9ea0.jpg,0,1
783_jpg.rf.1483b9599000952853e5bf9ed00e850e.jpg,0,1
439_jpg.rf.a32d8e4b33a13083d02bc479a88fa52e.jpg,0,1
799_jpg.rf.ac9b6cbbf4606d4bc9b95cc1755d729a.jpg,0,1
819_jpg.rf.a763636eb69ce7fff0ae99c6e4494e73.jpg,0,1
557_jpg.rf.c955e79c7bb1eddbdbb4cc5113986c92.jpg,0,1
821_jpg.rf.6896fdc9d44a0cd880c2dd842e6e1f1b.jpg,0,1
309_jpg.rf.0d4259f91b64f6b3f434623f706546d2.jpg,0,1
461_jpg.rf.9dc056391f4e4771941cf691e6f3210a.jpg,0,1
681_jpg.rf.c052e46893e1427499699072a702942a.jpg,0,1
435_jpg.rf.4953916e502bc1c2fb7ea5cf9a551184.jpg,0,1
426_jpg.rf.e8618a165d6abed8cd0a2fac3717b93b.jpg,0,1
753_jpg.rf.d7f99919a2922a87c79fe2ba3d0b7bb6.jpg,0,1
562_jpg.rf.7d91dc71b4c3e1435a455a96d73534bb.jpg,0,1
282_jpg.rf.800fb86b15686d305c4364ad89ebc9c2.jpg,0,1
344_jpg.rf.7572b8d5d30358b318e386b4ebdbda6a.jpg,0,1
320_jpg.rf.c20a31da63401b05ef495152f5a8b4ed.jpg,0,1
48_jpeg.rf.2c011957f62b96abddd20016c6b3f4de.jpg,0,1
731_jpg.rf.f4ca213524f4f49cdf7406fd44e210d3.jpg,0,1
236_jpg.rf.d8b0481f02153f0ae29297506d15f811.jpg,0,1
1139_jpg.rf.152754d547327ae7b7aa94ecbf76dd73.jpg,0,1
1114_jpg.rf.5c7b732e0aa77f774dd282968e57a57f.jpg,1,1
1104_jpg.rf.b6022003c7ca73c7c7f24f741cdab67b.jpg,0,1
1062_jpg.rf.f41041b98ee517e32693d7ed6362b876.jpg,1,0
720_jpg.rf.4657f5a94eb0c8646d2a8e41596e7b5b.jpg,0,1
360_jpg.rf.5191e2c231e74756deacc361f07ace62.jpg,0,1
401_jpg.rf.f28ecb6a7d983572c033d395e044ae3d.jpg,0,1
252_jpg.rf.6ce52d2675e5886a360d3c69511838c5.jpg,0,1
863_jpg.rf.d485ceca1159eda039c843e7914c2401.jpg,0,1
457_jpg.rf.1a5d9c754983f8778a66248550f7d768.jpg,0,1
130_jpg.rf.45f0746bf3141e585576446b2a81afd1.jpg,0,1
384_jpg.rf.57630e347caf5e9c113bafc25441e6ad.jpg,0,1
1074_jpg.rf.278b34850ffa3473566a71ffebad5b01.jpg,0,1
285_jpg.rf.202fa67003df2cc6899d6f7aa3580c36.jpg,0,1
670_jpg.rf.28a86c468d158374d6d5819101185c55.jpg,0,1
195_jpg.rf.9a9f5d983bfac2c1b6186754b35929ee.jpg,0,1
274_jpg.rf.a21737280f48efc3830a9845fd2eb5f3.jpg,0,1
360_jpg.rf.1efb600c54391063a7ba42e48b613658.jpg,0,1
627_jpg.rf.d381607419337c81904b2b4a08fc3ff2.jpg,0,1
509_jpg.rf.6c6741d270195d00f2488cdbba26c3ab.jpg,0,1
311_jpg.rf.561484b1ef0c3fb067ae98724bb5cefe.jpg,0,1
1155_webp.rf.5c8ee1bbb0d370909e6e2923c524ddc4.jpg,0,1
1101_jpg.rf.6af89aeda4589a6c67f97bb20a763082.jpg,0,1
221_jpg.rf.136dc62fb173102b53ebc1ac2ce56856.jpg,0,1
261_jpg.rf.3067697458891b4ff35b0c3823f7bea1.jpg,0,1
717_jpg.rf.042e4e6709164d284c682ed45f86127f.jpg,0,1
711_jpg.rf.3f948824b6ffe423a480870db5d35220.jpg,0,1
169_jpg.rf.7614b9d88ebd3d7084dbf75f427f9fdc.jpg,0,1
375_jpg.rf.fd1f9cea06b9ef14ade91ce894091864.jpg,0,1
286_jpg.rf.a36fc0f31eeefeae5a4bde65006e001e.jpg,0,1
271_jpg.rf.ea31e4ac23b6ba49fe9e191400564a07.jpg,0,1
459_jpg.rf.9a053214d5dc9b2fc6bb388adaf3eb9d.jpg,0,1
560_jpg.rf.04654e505fd4948d31bc357af457c86c.jpg,0,1
304_jpg.rf.902498e20c2ea3cba6012876c36d2036.jpg,0,1
421_jpg.rf.301e7707b0065e028c0097b4d7232ed6.jpg,0,1
427_jpg.rf.8a1c4d4747135ee59dd5380213de51eb.jpg,0,1
1074_jpg.rf.8d05280eda3cd7e1d6e13d7110093044.jpg,0,1
132_jpg.rf.80aebf2753030ba3fdea55b3e2d3bc58.jpg,0,1
60_jpeg.rf.4396c9c93b3ab372265d1f2d29b40db7.jpg,0,1
822_jpg.rf.830a413ab287df64167e40e5dbab6cfb.jpg,0,1
361_jpg.rf.3953b899d1f67f474f5d083cc7d38701.jpg,0,1
441_jpg.rf.fc79b3a86059d763d75777b3a73614d1.jpg,0,1
263_jpg.rf.465d7f54f088360f0c71a236dd77af15.jpg,0,1
403_jpg.rf.79d120573f261f762ad3fb4a1fce3be9.jpg,0,1
504_jpg.rf.1598b35c6f731390f7f01383f8505f7f.jpg,0,1
345_jpg.rf.57ac269b281c5193d02b7aa1beca6224.jpg,0,1
92_jpeg.rf.d702a814655ab1a4609aaa3c7ae2189a.jpg,0,1
449_jpg.rf.3e2d26ca0ecb9cfda6649d3778775557.jpg,0,1
1099_jpg.rf.67c08672834d9b1b0aa96565c704281b.jpg,0,1
372_jpg.rf.99c97fdc635ba7bdf1402fc96172656b.jpg,0,1
309_jpg.rf.109516071e246be5e89a14efa1f80a07.jpg,0,1
60_jpeg.rf.d61b92ad832f2b7eff200ac9bdcd526b.jpg,0,1
462_jpg.rf.1ccd1c40d702bacb723be0774f08cf79.jpg,0,1
193_jpg.rf.759b1020eb8d90a7b87534e52822b27b.jpg,0,1
393_jpg.rf.e1670e8c61b2dbed41033121facfb3c7.jpg,0,1
1082_jpg.rf.e62237cf49891828683184af0dbc10ca.jpg,0,1
1114_jpg.rf.cf0971fc41ebca85ea44a7f5bec88937.jpg,1,1
195_jpg.rf.9f52f52cf9524e898ad86bb6b859e032.jpg,0,1
115_jpg.rf.c17a9e78980919559a2fb0783a6c3025.jpg,0,1
221_jpg.rf.e246b0a4eb7a8230fa9cd461d65428d8.jpg,0,1
216_jpg.rf.6b9fe40f9b82af39611fa6b38c8c577e.jpg,0,1
349_jpg.rf.fc4b105ca657c03041528d4aa15a9e4a.jpg,0,1
5_webp.rf.83dcbe3e5f5b39f90b7302cf7ab6add3.jpg,0,1
346_jpg.rf.683ea3515de1cdf5cd6ce0431ed8eadb.jpg,0,1
205_jpg.rf.4e3ec1ac7864ddbd844169bbf98cf6ef.jpg,0,1
335_jpg.rf.29ebce963d35e1639f58baf99d947bf7.jpg,0,1
559_jpg.rf.f4b925bc044a94e472ff8162baaba470.jpg,0,1
280_jpg.rf.c8f7462b4181c99f92380d451232aede.jpg,0,1
704_jpg.rf.1c67858f56909c911e0617ca2689d2cc.jpg,0,1
855_jpg.rf.d811ca7576022f1137a5eb37a7c591d1.jpg,0,1
881_jpg.rf.27e05483ddf6f33521706c4c2dbbc866.jpg,0,1
270_jpg.rf.2f2d9c4c6dcbdcd7aedf5b81dda30284.jpg,0,1
409_jpg.rf.e9f3a7486be4d289257d43ced8502851.jpg,0,1
303_jpg.rf.3383e0bb07f902353d8ef34436d22243.jpg,0,1
397_jpg.rf.a4c4e161676331090705fa256f2999ae.jpg,0,1
1091_jpg.rf.2798f5634f41a7857773f98dbe2c0786.jpg,0,1
271_jpg.rf.58265563d50d7416c38119b6fc16d843.jpg,0,1
17_jpeg.rf.a5f396ca589615019a890ccbf92a2339.jpg,0,1
260_jpg.rf.0f7562da13293060b04c31ff45c3e5b9.jpg,0,1
286_jpg.rf.f5aabf86ddb912d51ced94832b6329fa.jpg,0,1
274_jpg.rf.f5cceb1992e46ba22fe851f35aa26971.jpg,0,1
766_jpg.rf.b89bb4fc2bc3ab17a29474656b0ebeae.jpg,0,1
201_jpg.rf.d8a80434c50188a82463c8742f3e85fd.jpg,0,1
88_jpeg.rf.ba5a9162afae2b30a257cc4705025b3c.jpg,0,1
848_jpg.rf.ecc710eac9f2e307c30da75e204a5512.jpg,0,1
1115_jpg.rf.b6f48fde989fbcc6afa191f3e8607995.jpg,0,1
749_jpg.rf.9bf8e8641166df7d0b997982d8b805e7.jpg,0,1
500_jpg.rf.473eb74c396419f25721f5fda3b4fb56.jpg,0,1
730_jpg.rf.e4f0a28bb53ca9651dfe4295134c6402.jpg,0,1
296_jpg.rf.4f9368d64e3e15ab3577c1979d5f8a2b.jpg,0,1
810_jpg.rf.7bff80533d271e01c64bc03bb57131e6.jpg,0,1
653_jpg.rf.2e2820b48c87af0bae820aa254d912ce.jpg,0,1
514_jpg.rf.fd62209dffd9db2a01db4413b3c1f70b.jpg,0,1
537_jpg.rf.2e2371d0170237a7248f55cb873e54c4.jpg,0,1
681_jpg.rf.8264f95e74f9fbdbfe1bb42d858a1521.jpg,0,1
718_jpg.rf.ddf96ed09b14b6a659c34b07307f38d2.jpg,0,1
180_jpg.rf.fbe4de18e33d16e01865c12317585e9f.jpg,0,1
717_jpg.rf.5ab22147994602878e482cd527735a8b.jpg,0,1
142_jpg.rf.2d277f03f77bf092957ad00dc94029e1.jpg,0,1
751_jpg.rf.c33416b278ac8e4a2e0113f7e7e363a4.jpg,0,1
354_jpg.rf.e0a08f15680410eda249f38a87aab7f3.jpg,0,1
761_jpg.rf.5b1e5a0dcd3ca4f797390c4fedb966ee.jpg,0,1
731_jpg.rf.d290bcf55b476f64c8eefb186d1e9278.jpg,0,1
552_jpg.rf.92f07668ebe45beca8c4c1ad4b65b9fa.jpg,0,1
896_jpg.rf.7383e79d1647d6a218c5342ff7a5d0ef.jpg,0,1
854_jpg.rf.e7cad2f4d9074962a22173ff291e3f9f.jpg,0,1
809_jpg.rf.c73189c6df2ec9b0394bb4f914177cf2.jpg,0,1
761_jpg.rf.d01e86ef6456f34afc044978ba0eaeed.jpg,0,1
1102_jpg.rf.37ad1464d12f954180c63b326c82c187.jpg,0,1
172_jpg.rf.223b722fd94f3606413dcba916fb7ac3.jpg,0,1
638_jpg.rf.edea0df1c98b297b62a0ef64b3220429.jpg,0,1
343_jpg.rf.f63069f83aff445caa0d709367715c22.jpg,0,1
280_jpg.rf.69a916dcd9ac9d500233c88e1e7d39f0.jpg,0,1
427_jpg.rf.95156f5c5ed40f65fb321a9fa56b7f14.jpg,0,1
436_jpg.rf.e63fa9d019ea219fb6317854e595b1dd.jpg,0,1
656_jpg.rf.906bf1a402a895cf9cdd028c71d6bb71.jpg,0,1
494_jpg.rf.cb92da962d50262e5cab8e2cc87e74cb.jpg,0,1
532_jpg.rf.37b369816c01bbad8794b3e4de465b07.jpg,0,1
1140_jpg.rf.76c73fa3c37b26e06dccd9f82ee1b6ef.jpg,0,1
752_jpg.rf.ccd71638d1081c607602b6734b9674fa.jpg,0,1
196_jpg.rf.70ab65b47e12057241d11f2888e0c266.jpg,0,1
201_jpg.rf.3055442533f026d91c16fa46f6499f7d.jpg,0,1
72_jpeg.rf.61fad389b2ddf44aaf9bc425bdea9135.jpg,0,1
228_jpg.rf.58b13502144ac5c913a5d7a001306050.jpg,0,1
645_jpg.rf.168c9ae1817853dc57f77bfe14b2c95f.jpg,0,1
467_jpg.rf.15db5b068862825762c24581c25ce480.jpg,0,1
542_jpg.rf.2594d8679889a4b4660412ff3ff6ed14.jpg,0,1
908_jpg.rf.5f20b0358bffdbff5ee05952d22a50fe.jpg,0,1
1136_jpg.rf.92f307dd01544b70fe4af86255f0e624.jpg,0,1
208_jpg.rf.a167292e896b9f294d10472be829564e.jpg,0,1
720_jpg.rf.e79d9c22d522af3fb1b60da139260085.jpg,0,1
260_jpg.rf.066b2acbdc47099ef271ac263b93f78e.jpg,0,1
71_jpeg.rf.e8ad2bd862828060eec833d285d78494.jpg,0,1
310_jpg.rf.a2de3ce6787180222dc51bd5ffafaa43.jpg,0,1
541_jpg.rf.9ed617523be2a4d4d6541955b72cd8b1.jpg,0,1
1115_jpg.rf.afe3874780fd97f9af7747eb533133ea.jpg,0,1
1092_jpg.rf.22b2dd02b811653fd8bd22c98b9e39fd.jpg,0,1
470_jpg.rf.48246ffa8f51fd4739e58585ef5cd805.jpg,0,1
301_jpg.rf.017c97670b3af9fab895aca20a4fc667.jpg,0,1
154_jpg.rf.878c0f3455a82bff2e45748cfc69296c.jpg,0,1
471_jpg.rf.6a02dd3d05d47b8b1ec2bc73ace021fd.jpg,0,1
39_jpeg.rf.d9f410734a3fb4c2d24d67f7416aaba7.jpg,0,1
272_jpg.rf.320875969e02b8293f893382ccf1f461.jpg,1,1
500_jpg.rf.8e0faa92aadab131044c8b98c72c3f63.jpg,0,1
577_jpg.rf.cd0d00a9864ac0bdeab156f3f0cf082b.jpg,0,1
1071_jpg.rf.a49313b757f5292614df6445a8778875.jpg,0,1
176_jpg.rf.d06d2f14b05abdefbc670f5b5774aee7.jpg,0,1
1088_jpg.rf.bcfcc1d37e7d40695aae2bcab9ec43d3.jpg,0,1
262_jpg.rf.27e29549da9d10696f18c269c8928fee.jpg,0,1
71_jpeg.rf.25661c42f910955a887f4be51995782d.jpg,0,1
614_jpg.rf.488b52a318aff4b74c03a7bdee411fc5.jpg,0,1
459_jpg.rf.1b930847a2139f5dc005a5c94a4c0879.jpg,0,1
560_jpg.rf.2729e7bd32c5b267edefa8ebcebf7f56.jpg,0,1
549_jpg.rf.3549ff9fbcd3a56ec60126cd4f92db60.jpg,0,1
583_jpg.rf.458c7e109513fc03bac0c9169a527e26.jpg,0,1
172_jpg.rf.7ed11f64debfbd841075c3fd0df9ff46.jpg,0,1
1088_jpg.rf.17a3ca21b51f4a4f28c767bb02ecd3c7.jpg,0,1
40_jpeg.rf.ac16c6fb68c9943624177d0c00316ade.jpg,0,1
810_jpg.rf.dc1a66e9d4ccc49d3e55281e0446f0ba.jpg,0,1
627_jpg.rf.afc5e45a19a4a769c3a83d809134d607.jpg,0,1
514_jpg.rf.ba2b004f596f95270c29abf8e7be63ca.jpg,0,1
496_jpg.rf.405b5f52ac4132b389d3017fa60e653b.jpg,0,1
433_jpg.rf.16dfef7b72208f2e4d2e6c492b5d86f6.jpg,0,1
356_jpg.rf.43837f425623617dbff36832e91ba67b.jpg,0,1
2_jpg.rf.7dd43131d073a6b140a3355e74896461.jpg,0,1
457_jpg.rf.19c07fbf65b675a2f6ffe7f99f961282.jpg,0,1
351_jpg.rf.226edc977b0c659e72ce4c005b3b36f3.jpg,0,1
408_jpg.rf.f5f707e68b5e4f4bb4df4603ae396c41.jpg,0,1
125_jpg.rf.10119ae886db9381211dacea6d3da6a6.jpg,0,1
16_jpeg.rf.96178a1cc116f9bdf3d0f1ee241e4679.jpg,0,1
434_jpg.rf.ef4a9288eb60d1a675987fb77c482149.jpg,0,1
561_jpg.rf.68c299e55de2216f0f2cabe53ceb9c8b.jpg,0,1
1075_jpg.rf.1007ca866e70ef93b485b40f2f62afc6.jpg,0,1
705_jpg.rf.a89e8d9ebea5d334d679f699438ab3ee.jpg,0,1
159_jpg.rf.b1f6e5a753273f3ae13dc9d8e57ce0b0.jpg,0,1
222_jpg.rf.cc6eeb66e9a86ff22ce74b72f746643e.jpg,0,1
461_jpg.rf.effbbdba74b10b787a2ed73364db1bf8.jpg,0,1
44_jpeg.rf.ac76463280a35da71a2f54672f561243.jpg,0,1
463_jpg.rf.c3bedf8cf8a6de8bf6b8243fb5c40a5a.jpg,0,1
238_jpg.rf.b433d8ea5efae7e019046b7c632739d7.jpg,0,1
773_jpg.rf.7caeac0229c7d5acfdb714c256f6e9be.jpg,0,1
719_jpg.rf.59dee165286274ae9940446df32ba513.jpg,0,1
1146_jpg.rf.e2f16353ac6715a3031a2b56c086fb53.jpg,0,1
25_jpeg.rf.abba513e64f533834a1f8210bc4d846d.jpg,0,1
452_jpg.rf.11c23c11cee56d2242df7a900c9a950a.jpg,0,1
379_jpg.rf.c7a44436b25f90061d143d5bd660a1fc.jpg,0,1
308_jpg.rf.17b0f0ea4cc9bc16193b8d69d6669ff8.jpg,0,1
491_jpg.rf.8717d1664eb08f113d94ff90e49bb969.jpg,0,1
245_jpg.rf.d38ea0940916aa3de1a2e886bc394958.jpg,0,1
474_jpg.rf.092bd1eb5975551220f0d092b58f83e1.jpg,0,1
717_jpg.rf.8399cef23bc6498058f29131e18db908.jpg,0,1
754_jpg.rf.c8173dabbcb400c629bf0945d5642595.jpg,0,1
1125_jpg.rf.5062646e2bc913b87d8d58156576f146.jpg,0,1
448_jpg.rf.ba962670056366114faa01849a5129be.jpg,0,1
348_jpg.rf.eb53e98791f37f4dc0e00f312d013dc9.jpg,0,1
463_jpg.rf.0a87f840b0a57f64aac70fcab5800ccd.jpg,0,1
773_jpg.rf.15d6561733018f5e1f7bbfc23aeb26e1.jpg,0,1
1109_jpg.rf.6032da178108650aa341604575924511.jpg,0,1
738_jpg.rf.441218b06a8bb7057db1fcc1216bc22d.jpg,0,1
628_jpg.rf.b9a16c770de02f043550f651d249ead2.jpg,0,1
1116_jpg.rf.98deb017f029838b740493a49df91ffa.jpg,0,1
720_jpg.rf.be9f2432b74e4c93b6af34f441f7d97e.jpg,0,1
420_jpg.rf.bc667698e4dd8a864b74ff06c10b594d.jpg,0,1
681_jpg.rf.d7b5b39f44d58db060539316f9d4fe0e.jpg,0,1
340_jpg.rf.b8858b3243d0c7cd2edb9a838ee052cc.jpg,0,1
700_jpg.rf.26a301bbedf457713fedee39df81e05c.jpg,0,1
533_jpg.rf.7e1272a897b02ac55beb2247beef9d53.jpg,0,1
84_jpeg.rf.c193647a4979145e23b09436cf0f45c5.jpg,0,1
154_jpg.rf.ceff9e65f9b38093ba7488f2b45fbc33.jpg,0,1
1154_webp.rf.b98c1c9c7db9c161fd986945824e6221.jpg,0,1
139_jpg.rf.7ae8e3d0679bcd24c7ba4196a973daca.jpg,0,1
448_jpg.rf.7cbc4ef986a9ea09f01cc216024576f7.jpg,0,1
781_jpg.rf.3a460915080ea3a25e8fe431b8e5fe6d.jpg,0,0
603_jpg.rf.e46190ab3ee064916354e0c09975876c.jpg,0,1
917_jpg.rf.d6b3633f6d8a24bd9af929b432bbd3a5.jpg,0,1
250_jpg.rf.12e1f1518162d3aa8bba52c181edc611.jpg,0,1
441_jpg.rf.bc14a4f66ca14b054cf5530dc3e6549b.jpg,0,1
747_jpg.rf.d8f5feba5c2ae427dc40aab9d2b15294.jpg,0,1
340_jpg.rf.681679dcc0f1d4fe91f9792c3e946180.jpg,0,1
379_jpg.rf.bac64c9318727cc33af2d7d6221b32ef.jpg,0,1
553_jpg.rf.9a015984685cd34ce56c96d11a482a05.jpg,0,1
1139_jpg.rf.b8a55bb480fa29480268d056278d5203.jpg,0,1
675_jpg.rf.3c8ad84819d152a234a00f1d6d2dc959.jpg,0,1
726_jpg.rf.8f9f36da506e6d5e9decc5ee2464c2cb.jpg,0,1
356_jpg.rf.f194f3008512822214d494e826c5c4ed.jpg,0,1
811_jpg.rf.f97b5fd2315a4410135171f1c4700f69.jpg,0,1
261_jpg.rf.61f0d8aed94f61087be327cf39ccc6ef.jpg,0,1
455_jpg.rf.b2c2e6b869fa13d2e3be3abb88ff3574.jpg,0,1
603_jpg.rf.1122951fb671658692314f087be9dffc.jpg,0,1
753_jpg.rf.0f0aa5854d34889f40e9b6ca04091004.jpg,0,1
1134_jpg.rf.39346940a978670f5bcaa90dc7251a3a.jpg,0,1
252_jpg.rf.f31e8301b3dc4a49b2e149b95fff2449.jpg,0,1
1118_jpg.rf.7a3934b40740cd2bb35544e4275c92b1.jpg,0,1
298_jpg.rf.9cf6b8ba1e9b092e4d0f61fba5fe8f43.jpg,0,1
383_jpg.rf.ec052c90e807a5eb826f851e2da4dbcc.jpg,0,1
577_jpg.rf.b74a7aa70daf1e403879886887fb412b.jpg,0,1
479_jpg.rf.54f2c6a4ca268b7f1d5cc4c75245fa2e.jpg,0,1
873_jpg.rf.32e99afb39b5ce0961662fe7cd1ddcab.jpg,0,1
413_jpg.rf.e489fcaf79837db082d9796e32208c2d.jpg,0,1
311_jpg.rf.8b99bc4e651011120a19739977a58fa6.jpg,0,1
656_jpg.rf.6c2a9ec1a901702f971443d122cc0397.jpg,0,1
1143_jpg.rf.a34b5e9706a62013c9535770c07ba740.jpg,0,1
753_jpg.rf.0916c2a023f2cc9fdbd7c0c34b56a2a7.jpg,0,1
877_jpg.rf.08f47b5efdb2c5fdef04bdf4fe76f511.jpg,0,1
592_jpg.rf.2b6b2aee4c35211717cf8e44192e6ef8.jpg,0,1
525_jpg.rf.258ae2ab3112131b83ab024b78b045c0.jpg,0,1
246_jpg.rf.f026bacc1cbe9b8ff6ec20615242488b.jpg,0,1
700_jpg.rf.40b6b61fe6a32a9a4fd8016557696710.jpg,0,1
354_jpg.rf.d135115517280e7a5e4aadf3084c01a6.jpg,0,1
838_jpg.rf.43b761b9526de6287f919628fc663dbd.jpg,0,1
873_jpg.rf.a5e14a9ab570db3baae4a4bf50ac6187.jpg,0,1
154_jpg.rf.d8135356d74b8dd590a8ca5559299aaa.jpg,0,1
504_jpg.rf.df9b147e72b7f2dd3dad05d434cbea80.jpg,0,1
749_jpg.rf.0b8952d25ef249c7d51187b412c27010.jpg,0,1
360_jpg.rf.714bc390fc4d7268a614d5dd30d9508c.jpg,0,1
165_jpg.rf.85db65fb5400c2957d99e499beb614e8.jpg,0,1
1080_jpg.rf.edc4d15b22f4c01d92f95428ba026dff.jpg,0,1
303_jpg.rf.89525295b3dd3f65db2b3a4b8152f344.jpg,0,1
592_jpg.rf.462d75706ac04873f27f396f21292ed2.jpg,0,1
365_jpg.rf.7125a668b4b0297805e67abba8491318.jpg,0,1
1143_jpg.rf.d5f123b869e702c890cec3265e21c903.jpg,0,1
304_jpg.rf.2b0a572d32f56c0fcaad6e0e6428dda3.jpg,0,1
1129_jpg.rf.f780f0bc7c13c2643de55c9e227cad17.jpg,0,1
539_jpg.rf.df2ff9c5941b6166f8ba988904351630.jpg,0,1
39_jpeg.rf.e06f72d14fcf581c3a7465d759eac44b.jpg,0,1
325_jpg.rf.5b603b0304a68e5a797e934fa79e6cf3.jpg,0,1
1119_jpg.rf.4c46709e974156781db154be6f4397de.jpg,0,1
348_jpg.rf.c1a11acc133b152822b74c69f49e2814.jpg,0,1
614_jpg.rf.b233092e5c55ef1a800e534d504b5f8b.jpg,0,1
1123_jpg.rf.b2a53b1413324b2f43a441ebe0a430ae.jpg,0,1
1082_jpg.rf.d749d71f648bb29d6bd968afbf412c2f.jpg,0,1
40_jpeg.rf.2a8dabcf323c9620cadc7d07510a5e03.jpg,0,1
251_jpg.rf.01ba23bfe82cbd2446daba3f39b09d17.jpg,0,1
1135_jpg.rf.b175b179ce8cca7dfd05d607ebccabc1.jpg,0,1
180_jpg.rf.0af952a27d3a69bb98ebd469f42109cc.jpg,0,1
90_jpeg.rf.e43806bb23aa71e2bf8320bb8f5e24e9.jpg,0,1
501_jpg.rf.058989eb9dc6d397491182c1981d91f4.jpg,0,1
165_jpg.rf.229fc30ed69b3b0871ce27e00c056cbb.jpg,0,1
470_jpg.rf.47d5e8e09987859d97515cafd1c18a61.jpg,0,1
585_jpg.rf.6efd5acce6ede6376f0811a7576e738a.jpg,0,1
731_jpg.rf.8df41d692095989c041531d94b46babd.jpg,0,1
551_jpg.rf.f249cffb5691018167f25445153c7045.jpg,0,1
356_jpg.rf.348e2d8feb0419d3116e2fd4a33b6fcb.jpg,0,1
619_jpg.rf.3dafc3d2b4dcda9673bb8a7f96b581d4.jpg,0,1
88_jpeg.rf.559862103cf6490850b1bc0aa571d6a9.jpg,0,1
673_jpg.rf.6c778d63cbf6a6dc9c33206e702ed7ae.jpg,0,1
125_jpg.rf.696acd426f31a348cfd62214dfc239b9.jpg,0,1
364_jpg.rf.283178bb7377db509b70e99a08e1655c.jpg,0,1
71_jpeg.rf.7bfb5ec1c5dd8cbd31fd5e4d5594c32a.jpg,0,1
463_jpg.rf.cc6648145e892725db1e93b87f68d3cb.jpg,0,1
525_jpg.rf.fd6a2d33fb506477b8151cc20b5e941f.jpg,0,1
656_jpg.rf.a7067ae5017f3958c96c0edb658921f5.jpg,0,1
367_jpg.rf.6cce781279f51b553727611b9309260e.jpg,0,1
882_jpg.rf.f04158af5c5d4747028d3c284578bf7c.jpg,0,1
233_jpg.rf.c5e0cc267b9659df02effa5c867b71cd.jpg,0,1
377_jpg.rf.fa4cb3aa499720dacef5ef29367cf8b6.jpg,0,1
869_jpg.rf.66d3ad43ac78015287331a6f90ac68f6.jpg,0,1
561_jpg.rf.e7f3978dc93c5d16000fd983bb423ab9.jpg,0,1
205_jpg.rf.b32f2f49a125077149ebe5b89f908e2a.jpg,0,1
1156_webp.rf.d893556db7e08738e6e8c0d3e6e98cad.jpg,0,1
742_jpg.rf.f44572e7adb527c259860583d60f84e1.jpg,0,1
761_jpg.rf.e118d45bc471d00980a7ce51b8c507f0.jpg,0,1
547_jpg.rf.d58671befa8f4c763ac88d8e5da02200.jpg,0,1
345_jpg.rf.ddf24d9dd84c9afd9e587026dd8faf6b.jpg,0,1
783_jpg.rf.c1949a55a0ae14a44a0d08899fb15a06.jpg,0,1
533_jpg.rf.fe31770605e362a8139ef3dda7f08623.jpg,0,1
246_jpg.rf.4a3cf88170b5189554fc5c5739c155a5.jpg,0,1
435_jpg.rf.c2f336e14f64fdedf1782dcde061097a.jpg,0,1
766_jpg.rf.7f8b81270b4681b228aa9aa70547e518.jpg,0,1
852_jpg.rf.e7a5cd0ae426dbabacdf27f728fe8303.jpg,0,1
298_jpg.rf.6e16bc4ab8371307ab2b1f28790b1500.jpg,0,1
1101_jpg.rf.f946958261e7312870e826f6f3f71250.jpg,0,1
374_jpg.rf.ac6290b04cc37a4dfe9edd23fb6bd350.jpg,0,1
810_jpg.rf.7e19ef8aa627b42040210ba8228bd62a.jpg,0,1
1088_jpg.rf.d0a3d477f7cfd4a5b77f24c1640e40dc.jpg,0,1
754_jpg.rf.926a855772c36cb94cebd13859adf3db.jpg,0,1
1074_jpg.rf.da4362364a53c5dea0a18560e0b76b5e.jpg,0,1
1115_jpg.rf.a78000f6feed465e06bd2f3be7ef0d2b.jpg,0,1
260_jpg.rf.fcbe335bc8f2efc5d5178f233d8e34e6.jpg,0,1
452_jpg.rf.66fb0fb6ba0e55e0feec880494d8ab2c.jpg,0,1
628_jpg.rf.03ac62387e830bf0b06096347ccbb4e7.jpg,0,1
441_jpg.rf.08fa02497109f1319e2c9e94478a0bfa.jpg,0,1
226_jpg.rf.eb053f24f8c12edcb0ed69aa814e25e4.jpg,0,1
560_jpg.rf.1ef2174400883c3d1bc8a4c31a2b5509.jpg,0,1
238_jpg.rf.4d7dcd41e317689ee775103df55366e9.jpg,0,1
262_jpg.rf.2e722077dca0d3f83936332ff2986eb4.jpg,0,1
457_jpg.rf.7cee0de1b6b72aaafc87ca4db77e531b.jpg,0,1
426_jpg.rf.3d47b956f8a82cb35b96c66d264b51c0.jpg,0,1
838_jpg.rf.46a3300f2ecc760936ea8eb2545505f0.jpg,0,1
1136_jpg.rf.5765b0ea72bad2ccb92d1d697279328e.jpg,0,1
301_jpg.rf.5579cc510a6827e8d360de87a4d85a26.jpg,0,1
459_jpg.rf.49e1f91c4b9bfe4f439eb248be971b9f.jpg,0,1
583_jpg.rf.33f91e6278130ec6ca9bbb3e9819a384.jpg,0,1
1146_jpg.rf.fe64bb2c67a6d86bdd862cc1f645824c.jpg,0,1
579_jpg.rf.631942cc6e480826a816a8757c3b9a9c.jpg,0,1
172_jpg.rf.4956cf631b2abdb1b61cff5989af404b.jpg,0,1
461_jpg.rf.b8c0787ffe90ff557ec0ebc6e7045532.jpg,0,1
1109_jpg.rf.04da4cf01d553ab40a596b7fb43bdeed.jpg,0,1
139_jpg.rf.805cf241ea46ff76faeac93a711989d4.jpg,0,1
365_jpg.rf.208f9e2da1f9b2384e2a28eaf1dd666a.jpg,0,1
420_jpg.rf.81bc0edf8f0bd42ef6e4009e9748fc5f.jpg,0,1
245_jpg.rf.49ed1de819b3a934e9ad9273dfe21bce.jpg,0,1
455_jpg.rf.86174a6d52e3008a07506a7396262866.jpg,0,1
271_jpg.rf.05633ffff260b0aff42a95769aa42306.jpg,0,1
540_jpg.rf.01c7bab6eb5307d747995a19c86c9d27.jpg,0,1
532_jpg.rf.23bac1427255ff5c15327eb080e75eb1.jpg,0,1
627_jpg.rf.de88ca434f67ffb8fc8b27918a6f6585.jpg,0,1
222_jpg.rf.1c4415a6e4203845a0a693699f89e843.jpg,0,1
84_jpeg.rf.99a2c14889576e9dbef40899586dee8d.jpg,0,1
474_jpg.rf.1aa317f910ac463f2b48aba99f010f51.jpg,0,1
781_jpg.rf.b088d0db090be56e73ca1b5285eb4489.jpg,0,0
91_jpeg.rf.6e1cb9e6d75ad434f5ba95470befde10.jpg,0,1
30_jpeg.rf.518e8abdcb25102bef005b450292f917.jpg,0,1
705_jpg.rf.772392cbcb65df34e6d0370d575d7a3d.jpg,0,1
272_jpg.rf.67e83ea27829595b575b0e35069196c5.jpg,1,1
551_jpg.rf.32526d19a9908a939e83aea94f6dfcec.jpg,0,1
448_jpg.rf.c83ba775359d9ec6760e030a8e06e0a4.jpg,0,1
619_jpg.rf.4a7f65da994638db95faef19a663bc0a.jpg,0,1
645_jpg.rf.2c8ae7f013029bd8bc5278e9e2a0b095.jpg,0,1
1123_jpg.rf.8466cce4f09a5c427e9fc993c35d73b9.jpg,0,1
809_jpg.rf.ea05a9327095ef1bfb87722a3582bede.jpg,0,1
491_jpg.rf.a59aa499a69878e5e5b38129be3782c2.jpg,0,1
595_jpg.rf.440ad6d1d0408ef23204191901b89267.jpg,0,1
719_jpg.rf.3378d52910ccd115fc5e3158c42f891a.jpg,0,1
471_jpg.rf.d2c19f0d74ab7f9844b0113a7ecf92fe.jpg,0,1
72_jpeg.rf.9b0b2ee88003ce05c24cbf5a0b660d4f.jpg,0,1
374_jpg.rf.2a31c3e539a40c8ff683019a94a512c6.jpg,0,1
1129_jpg.rf.564c49645d1aa8e23803e4bbdd7a9fce.jpg,0,1
394_jpg.rf.451fdf67476bd6993072d6e08e949507.jpg,0,1
1124_jpg.rf.3ef4e333599e909014ceb8b4e13038c6.jpg,0,1
825_jpg.rf.77d26b70b861605e8814434ad0774be2.jpg,0,1
250_jpg.rf.aa2cb8860b1737c9b44f46942dc4681e.jpg,0,1
1154_webp.rf.43557dfde1f66ba3f88ae0a466e476fb.jpg,0,1
675_jpg.rf.51861205b22e3c9a28682017fe82fed4.jpg,0,1
335_jpg.rf.5942e3ed41cad1af47ff6dfae3f2be81.jpg,0,1
726_jpg.rf.aad817b6be1a234d201f9e4e338e381f.jpg,0,1
579_jpg.rf.4cd468739867d1b3369a1b2563397d3c.jpg,0,1
434_jpg.rf.9a5ff6b99be27edf456c72a42387e76c.jpg,0,1
159_jpg.rf.51a4efb2e7060128e28086f498b9a37b.jpg,0,1
539_jpg.rf.acc09a13767a879b4ab2c1f328b583e3.jpg,0,1
16_jpeg.rf.9423872c4e8f2f6b1f6bfec8f10005ba.jpg,0,1
91_jpeg.rf.4003252cc4e21c0112b721cca4f77a27.jpg,0,1
251_jpg.rf.55923eafe728bdd4086d7aab786214b9.jpg,0,1
375_jpg.rf.114eace411515eb78bd2cc8363414c3f.jpg,0,1
44_jpeg.rf.587da450c4ae8ad30b88273af53ac5d1.jpg,0,1
90_jpeg.rf.19eaf5d06b077b28075f4ac42e0d7c18.jpg,0,1
1075_jpg.rf.a2d2951d6f887985c71a29e480d8e3dd.jpg,0,1
553_jpg.rf.05c43c13da620436e127024a61b3676a.jpg,0,1
30_jpeg.rf.bfdbbf003706efa571425ee3a968af09.jpg,0,1
1134_jpg.rf.80f5245abfa4dda1f23917d4e1da1225.jpg,0,1
751_jpg.rf.c8a511699f408a39074d2bc3e5420fb7.jpg,0,1
367_jpg.rf.46e6917cfaa4baa98b3dd4b0efdbcc7e.jpg,0,1
308_jpg.rf.cf8f7684317f13ede847cfed5e68eb23.jpg,0,1
270_jpg.rf.30d88502d92c859c2c4d964cca9ed5b9.jpg,0,1
226_jpg.rf.8ff3ccf8c1da47a51f092acd85b6da8b.jpg,0,1
540_jpg.rf.31a29d6e6cd971931867ee4ebcb5b33b.jpg,0,1
188_jpg.rf.adbd1250a5c6d24368e82fe96171b9de.jpg,0,1
1125_jpg.rf.9a949dac1158c1169c95c8aea0f61087.jpg,0,1
408_jpg.rf.dbfe79e1306db92b22c90c241b3c7803.jpg,0,1
638_jpg.rf.8a8e9d52163f3831dd5c38d61d905a33.jpg,0,1
310_jpg.rf.48b66b10706611888d2d8b92736b2560.jpg,0,1
479_jpg.rf.e48aa2e86cce99c67c4e8898c9c07380.jpg,0,1
1116_jpg.rf.e3936037e7c4b11795326bdf5b51d32b.jpg,0,1
25_jpeg.rf.10f99d6d7f4e68adbb6696b9ddcd237d.jpg,0,1
1135_jpg.rf.a92637cc7bb66ffd1672fb87f2355d5e.jpg,0,1
882_jpg.rf.d0625c1209a24aab00bf4b7dc35df7d3.jpg,0,1
793_jpg.rf.1e5b1f0fccb69495f572807e84c3cf09.jpg,0,1
296_jpg.rf.03d0456182284a4794997ae35278f718.jpg,0,1
811_jpg.rf.60bd2dfb08cbf53eb8489b876433dd9a.jpg,0,1
917_jpg.rf.64fc866e36126d975048829e36ccf439.jpg,0,1
542_jpg.rf.5110faaf213216677ff41280302653e6.jpg,0,1
541_jpg.rf.dce0626ba28a7a190724428f7584f63a.jpg,0,1
877_jpg.rf.db22b0c523fd8532760ce71599db0925.jpg,0,1
387_jpg.rf.7198e8869049593351c6aff720b63912.jpg,0,1
502_jpg.rf.ec0ea4b6e265f969eabb69a825ddd57e.jpg,0,1
24_jpeg.rf.13f05b54a704b73d9f687f1ba4d62a4f.jpg,0,1
605_jpg.rf.834bac0695c0379fad57136a10311199.jpg,0,1
237_jpg.rf.51301b3708a88bc638220ea16c260901.jpg,0,1
269_jpg.rf.bf1fe09cd31541c9d8c99358857250d5.jpg,0,1
1089_jpg.rf.99f75cb31e4c133a9b011c66dbb03eb8.jpg,0,1
4_webp.rf.5a2feedddd939123d469d19853d322c8.jpg,0,1
895_jpg.rf.c607ffa1626fd46f29f4670071b17457.jpg,0,1
113_jpg.rf.179b811ed23fd3ea63ecafef3f7f0698.jpg,0,1
828_jpg.rf.db76c772e3712cd9c5e1babb90ff3bdb.jpg,0,1
255_jpg.rf.cf723223fc42baef4e98ba8c9391b5d3.jpg,0,1
328_jpg.rf.47942dea51e262fdff245c77b8f807ba.jpg,0,1
314_jpg.rf.4b5bbca79f204e394e401848e3b0c326.jpg,0,1
35_jpeg.rf.15bd58324e4ae1c4e937557bdbf43c8b.jpg,0,1
75_jpeg.rf.4ae30171dab489091918632eea0531e5.jpg,0,1
770_jpg.rf.8a3deb9881a850687eb11012f2fdc7c0.jpg,0,1
445_jpg.rf.8d53cdcaeacbcfec02c7389ea6ddf8dc.jpg,0,1
487_jpg.rf.1e029099db668834025cd40f97cfccd7.jpg,0,1
146_jpg.rf.d66482adfa8283f5eca431f36fd56be4.jpg,0,1
53_jpeg.rf.f3ccc3afd1526876d65e0cf49e86d360.jpg,0,1
22_jpeg.rf.d4b32ee0eb3d54cde02b29a9329124c1.jpg,0,1
431_jpg.rf.027a675376e82d083d012ed031b2ec14.jpg,0,1
160_jpg.rf.62792e5444029eeeffb9dc1895b98272.jpg,0,1
698_jpg.rf.884e3dd0eb6d7797db51334b93dff3c1.jpg,0,1
516_jpg.rf.416cc0a47e2faf29723ad26eb152cac6.jpg,0,1
744_jpg.rf.62204b6d413bf350dcdc529616f4a695.jpg,0,1
7_webp.rf.0e37f8a5d8f8acd6dcf2c029309e0793.jpg,0,1
618_jpg.rf.149da7fbda441ecc4c57eab40d5982a8.jpg,0,1
482_jpg.rf.94efcd57bf1a29b9d7880c8cb8d35cef.jpg,0,1
146_jpg.rf.5c0035c878f0baef4a725e9779c175ac.jpg,0,1
19_jpeg.rf.70e15bc29d92c7dbb31f1dce555d1206.jpg,0,1
411_jpg.rf.b306baef97e1e746c5aed23919a7b9eb.jpg,0,1
445_jpg.rf.a1608fe11ae75d70fcb8ac763d35e6fc.jpg,0,1
787_jpg.rf.88224da64777a2c71ab5a573b6f21489.jpg,0,1
317_jpg.rf.cfede08a5d98af52127d07229c8cd2b1.jpg,0,1
143_jpg.rf.fdbf16bbc18d3aa76f92175bd2c1893e.jpg,0,1
644_jpg.rf.a49ef030f29633c98818458fbd3dfd52.jpg,0,1
328_jpg.rf.18c794ca6183a7ec6177c253628ba64c.jpg,0,1
843_jpg.rf.c6e224e6f2029bdc54940587cd9e94eb.jpg,0,1
20_jpeg.rf.b8cb677addec3ec64e673eaa62a83c23.jpg,0,1
621_jpg.rf.1b3a6ce1c4984b318ba687099db61cac.jpg,0,1
787_jpg.rf.341cd11513474df19254c50c9665f23b.jpg,0,1
891_jpg.rf.7537c4e7f64b5d7584311d2481b4be6b.jpg,0,1
7_webp.rf.1b75a849f85c5c6f1191e13ecfb8e05c.jpg,0,1
24_jpeg.rf.695d3ecc4e2c695f0d0bea701588ec97.jpg,0,1
668_jpg.rf.a177a0a154e42689c7c49239bbe6cb75.jpg,0,1
230_jpg.rf.0c824ea68e9c114847a6a8506a0d2611.jpg,0,1
794_jpg.rf.ddb747ff03b4193e96110b4da94dc283.jpg,0,1
5_webp.rf.cf11213961022c4603f2de52d54d2cef.jpg,0,1
115_jpg.rf.6494ab0f08feff8035df3b760ed14489.jpg,0,1
53_jpeg.rf.ec53806b156dfde377f3abf42b4d6f32.jpg,0,1
513_jpg.rf.55714021a3e869507036e7d19d88db8a.jpg,0,1
857_jpg.rf.14dd0eefd532789926efe4d9e5a0ac41.jpg,0,1
349_jpg.rf.cbcee4dfbae1c24587c84c0fae1978dd.jpg,0,1
1085_jpg.rf.f4aa13db2134e57600f402e091f1b7a0.jpg,1,1
398_jpg.rf.ae6eb669f35ff8fd731b3042e8cd3023.jpg,0,1
667_jpg.rf.fccbed89e4197979c8372e038c48e50e.jpg,0,1
160_jpg.rf.336754291a8929f21134f8dab8bc0a68.jpg,0,1
1142_jpg.rf.3f0825cd80b0ce352d80e8b91c4e5b02.jpg,0,1
45_jpeg.rf.5c774cc75f70817daa7db525e0053232.jpg,0,1
411_jpg.rf.3727d105a2c9ff504fac039f1708c61f.jpg,0,1
387_jpg.rf.ed29947312c4d39bfdb11d8e2aa6adf5.jpg,0,1
32_jpeg.rf.b194520dcee614d8904c5542f8937f78.jpg,0,1
1085_jpg.rf.9965e71a48a41a10e1b7994ae84037cb.jpg,1,1
502_jpg.rf.9d2d0851536f464ba246f1023e232df0.jpg,0,1
144_jpg.rf.bfc57d2035acea73e425353fa95ffdef.jpg,1,1
828_jpg.rf.497fadcf90e363639b3617428346e43e.jpg,0,1
36_jpeg.rf.7d0b6c4396d096ded0be48a97a7b3837.jpg,0,1
559_jpg.rf.9a23815496bee67b03b0b755996dea0e.jpg,0,1
853_jpg.rf.bfad203dfac4930e2a31f423ae0e3d4e.jpg,0,1
436_jpg.rf.c843e2a98711408e2b125fc23eee1ef0.jpg,0,1
883_jpg.rf.5da920016c07a8c72e3eab718358b82a.jpg,0,1
45_jpeg.rf.ca7b7018ed9ca1689929187d3a5c46ac.jpg,0,1
469_jpg.rf.37fbabb9f590955855061c5f4703b885.jpg,0,1
315_jpg.rf.719c91a146b212e84e1b87cb29f2a448.jpg,0,1
854_jpg.rf.5a1785daedab504e7efbe22590f9dd49.jpg,0,1
315_jpg.rf.d2ce8e9f848dd364fc3f6121fb56df96.jpg,0,1
855_jpg.rf.35f9807c0cad87b4e1673af72c3c77a7.jpg,0,1
850_jpg.rf.b7b76e3032d30393d4cd5669db22a04a.jpg,0,1
850_jpg.rf.340189eb466f55a6fff4d8424f9aff4f.jpg,0,1
433_jpg.rf.293046b564ddffa2a976683e80ab6ac1.jpg,0,1
469_jpg.rf.3edae79b102069209cf66d24ea97c0df.jpg,0,1
487_jpg.rf.16016390832913b90c34517c580d1f76.jpg,0,1
462_jpg.rf.5d1a6022b41af3926a4befa3ba101a12.jpg,0,1
704_jpg.rf.63ea7b9e0dd5700e59a695deac6f327d.jpg,0,1
522_jpg.rf.b1d0aa20756807c6ceb9c4a0ac012b43.jpg,0,1
148_jpg.rf.1a1f18ca99f16165ef0a996a4a2706d9.jpg,0,1
1089_jpg.rf.ed36463e38e0e03c287f3ac0e1c8e6c1.jpg,0,1
216_jpg.rf.7f677eb553c6eb88b26a26c643e1c7ea.jpg,0,1
19_jpeg.rf.ea80b0ec9d51e6efe04dde4cf771f073.jpg,0,1
405_jpg.rf.f55b6fa7b1372bfa9275fe6945c9579f.jpg,0,1
402_jpg.rf.3307722f581dcdf6173bd38fb0a94bc5.jpg,0,1
698_jpg.rf.a9c1b22341a18b08cd29345b73f09f81.jpg,0,1
36_jpeg.rf.069ce0d51ed4eafa779ed6aa8b3e1e3d.jpg,0,1
549_jpg.rf.4899b8551fa6a6f4c31c7efe90a0a91a.jpg,0,1
337_jpg.rf.8ab3028348a5208529840f087c09cdb1.jpg,0,1
249_jpg.rf.839d53766b1b1d57245ac1acdcf56fab.jpg,0,1
111_jpg.rf.f912dd9dd74d7a16ba72ab3ab5588342.jpg,0,1
357_jpg.rf.781166a912533e7d8e610dc08dd86441.jpg,0,1
1110_jpg.rf.96c74d90e6335503862cd53a10ec2fc6.jpg,0,1
1099_jpg.rf.094e7f368db84a568f662ee4d079c354.jpg,0,1
449_jpg.rf.b62d38110b68094f296d8c19de1fc34c.jpg,0,1
1071_jpg.rf.b6d1a5d8cb7bb67623a593048dd39c08.jpg,0,1
337_jpg.rf.adc7a147305c652a34303f8e6f6a5847.jpg,0,1
425_jpg.rf.8988d24ce555aa78ed36c7c0a248d9a9.jpg,0,1
186_jpg.rf.9f5b9fbe15222ecad289df043e58a61a.jpg,0,1
1128_jpg.rf.a60d5792d3761dd199c2aa8e05252c3f.jpg,0,1
1148_jpg.rf.8846ae01203ea4213fedacf94ca4db72.jpg,0,1
289_jpg.rf.984407ba1adc6d2658e9c1609dcba053.jpg,0,1
621_jpg.rf.4a87fa1fd4ecd07ff8ca5e342e248dfa.jpg,0,1
1110_jpg.rf.e09374cdb24c5632b74bcf11289d2619.jpg,0,1
357_jpg.rf.efb00d9153d7ef2e84b3fced06813f11.jpg,0,1
662_jpg.rf.430a28d4cd2311c8bf31af1f3f50c127.jpg,0,1
15_jpeg.rf.6fcbe025622ed5e6a3cd42801275bda5.jpg,0,1
183_jpg.rf.1e26dce0ee650865ff98d53fbe5532ec.jpg,0,1
1128_jpg.rf.428cc3aa2e9c9b98902687090f9afd15.jpg,0,1
59_jpeg.rf.df5639ed68a1c5efc2c4469d5e385d74.jpg,0,1
643_jpg.rf.c6759ca2e6b43d942d84b34403dd7533.jpg,0,1
722_jpg.rf.04dcb347260d2e52572146c695d13dbe.jpg,0,1
1148_jpg.rf.e24f15018b240209788ab9f1a26666f2.jpg,0,1
714_jpg.rf.8971018837e14b93d1e5c713e5401f80.jpg,0,1
255_jpg.rf.896741e0e04bc949ab23a346e67f14d9.jpg,0,1
746_jpg.rf.0a5119bf2f5b7f8fa076140ab75a97a5.jpg,0,1
721_jpg.rf.5ab7fcee5807c3eda10bad9dfc4b4f0e.jpg,0,1
249_jpg.rf.d668d0d553380baf1ec619092f643e40.jpg,0,1
38_jpeg.rf.3960fc015e3d3537252b9f7ae19d5ab1.jpg,0,1
1064_jpg.rf.1ebca577690a6a9bb9f17025933e93c8.jpg,0,1
230_jpg.rf.20a1bafe9df046c3d3107a45fa9056e1.jpg,0,1
288_jpg.rf.fb6f15c7d5c94a069543e1753a80a200.jpg,0,1
425_jpg.rf.74f1778522e8b59246ecbdc37d063ccd.jpg,0,1
289_jpg.rf.963e747884c06032dc9af5394fe8124f.jpg,0,1
714_jpg.rf.bc82066b49bff3b8a58e3fe3d0d159eb.jpg,0,1
488_jpg.rf.f9963e6be09cc45ca0e33225f63fe362.jpg,0,1
405_jpg.rf.154695dcd3f4609a070e2c8123b79236.jpg,0,1
794_jpg.rf.633fbff1e2bcb14c4becdd5199c968a6.jpg,0,1
218_jpg.rf.c8265363e17c9a02033ab77ade4d390d.jpg,0,1
496_jpg.rf.e206a7b53ab2c6142ecb98b1c6fbf8e0.jpg,0,1
140_jpg.rf.dabb34fc1642e0eb6ce8c71d0ae23c39.jpg,0,1
863_jpg.rf.c5feac72d773575a1fa3a88a5a945a9d.jpg,0,1
1104_jpg.rf.738520c6e62b8bd1f1f6db6e9f7970f9.jpg,0,1
288_jpg.rf.bc418eea4ec8742cdc6f19f82aad8517.jpg,0,1
819_jpg.rf.c2c8a5dcb6ff7aaf9827679f1e8ee22a.jpg,0,1
20_jpeg.rf.e123fa2df25059537b69b895c04a09b9.jpg,0,1
338_jpg.rf.22c1354bfc1870182b810f6185ef96ce.jpg,0,1
393_jpg.rf.27188c13209ff31705a4b2acaad754c3.jpg,0,1
35_jpeg.rf.d20bedf8d6300f04cc753eba05ab7943.jpg,0,1
1064_jpg.rf.85df42f1dbad997febe3f86528c46a64.jpg,0,1
747_jpg.rf.f973ba1a5671811eb9a0bff8e2a36848.jpg,0,1
33_jpeg.rf.a7d58609beff65dade80cda71285bd82.jpg,0,1
140_jpg.rf.710a89742d2dd16291025f8707280947.jpg,0,1
15_jpeg.rf.bb0f4e3e7091eb9ccc6d3548055665bb.jpg,0,1
1126_jpg.rf.acd021009c679c30446da0a4ef162df7.jpg,0,1
770_jpg.rf.26f6f465a081311197f1dc094f523fe8.jpg,0,1
248_jpg.rf.47ee03c59797a97f9838eeec80aa1207.jpg,0,1
721_jpg.rf.f5d1324dcff53189c56993104cc48d34.jpg,0,1
85_jpeg.rf.67e3eb93c8de8abaabcc64d8a1448383.jpg,0,1
744_jpg.rf.87580663c4061b339bc662b18f3327f3.jpg,0,1
338_jpg.rf.2aa0fbf93d2a3824823b6f9bc4d7d72b.jpg,0,1
605_jpg.rf.6e6e5ef1f3f54904fc251af1d504a393.jpg,0,1
643_jpg.rf.d6bda374cf4b572cc29f70365ed615fe.jpg,0,1
488_jpg.rf.00d7d79fd08f7641587837f39417e9eb.jpg,0,1
417_jpg.rf.fcf2bbf643868170ed29c837223b6a57.jpg,0,1
482_jpg.rf.8d16ec3bcf0a7f3df96bf4eb7d392c70.jpg,0,1
644_jpg.rf.e889db67ac9c201e4f6c0fee97c0d354.jpg,0,1
314_jpg.rf.4218892fe67595a7ef682b1170671ae8.jpg,0,1
746_jpg.rf.db1c1ab4bd8a1c04432e08f9b0a9e8f8.jpg,0,1
667_jpg.rf.e38d6937eae97e6effe73153aa9b08e8.jpg,0,1
821_jpg.rf.f5778b5ea580d76dec158452ec49d067.jpg,0,1
417_jpg.rf.f57734ecd5031555a62a2fe2b4b029cd.jpg,0,1
113_jpg.rf.922c88b44f4bccf33bcc0afe3c395fed.jpg,0,1
516_jpg.rf.b0ab575a2553ed3bf7e2562b4ff2e993.jpg,0,1
618_jpg.rf.68ddae8713137b45f288883feb99e113.jpg,0,1
513_jpg.rf.2f80f5ebeb3f7e1207ffdb6454679dd7.jpg,0,1
857_jpg.rf.676d071763cd2e294e1e4440b68933e2.jpg,0,1
32_jpeg.rf.35caf02b31245c6075d440403d50221a.jpg,0,1
895_jpg.rf.f250ca586c30887f864f84f7068a0428.jpg,0,1
186_jpg.rf.2e9be366d850b416a212c96db4584209.jpg,0,1
75_jpeg.rf.c737944647bf1038cc152becfd442b37.jpg,0,1
409_jpg.rf.bc0196e975f9801be3e229a7c2699e98.jpg,0,1
111_jpg.rf.3abe1113cc4a25ba87a83012bbcbc9e7.jpg,0,1
38_jpeg.rf.f384adbb75b271354dea0293179baef0.jpg,0,1
59_jpeg.rf.ca1f65e9aa11369e8826c2a18b259ab9.jpg,0,1
398_jpg.rf.b4ffcfab3ba99a502598794837c952c8.jpg,0,1
552_jpg.rf.2e70ac236dedfef016ef3b186a6beae6.jpg,0,1
384_jpg.rf.22ed34fc1f6a73f7d91cae50be617eb0.jpg,0,1
806_jpg.rf.8be39e2584a55593519d91a671b4d8b0.jpg,0,1
22_jpeg.rf.eada072f337f9c15b209a4153d90088c.jpg,0,1
403_jpg.rf.5d98a439f7643dbb77844e6203590515.jpg,0,1
822_jpg.rf.c95fbb773439ce6df3e5f89a4467eb43.jpg,0,1
834_jpg.rf.2bf5ed9738105b0d0ade3ebd2cce7294.jpg,0,1
668_jpg.rf.380b97cba93af9209b13ceb55cd6ed2f.jpg,0,1
653_jpg.rf.f475aba27c296cc18ee25551eb2ec151.jpg,0,1
421_jpg.rf.c880271445888fb566725e1f4271ea23.jpg,0,1
891_jpg.rf.f7ae16ba198b2be724e9661b7da6cf13.jpg,0,1
853_jpg.rf.20a34c5c963a1349f7da8265a811e4b3.jpg,0,1
402_jpg.rf.845de74f00a1e2ac388d83d534df84b8.jpg,0,1
237_jpg.rf.22b197f044c3d2b67aa708a41796c7bb.jpg,0,1
146_jpg.rf.9d5d8b622fe34a7ee71560aefa0f1b88.jpg,0,1
652_jpg.rf.166695e5d6a3f523c909554a3617cb97.jpg,0,1
445_jpg.rf.63b69c06847d4a76ab1a3a1552d1a44a.jpg,0,1
92_jpeg.rf.6fc1dffeb69d9948b856fabbce25efbc.jpg,0,1
4_webp.rf.40a565561d5277b778c83d925fa788c7.jpg,0,1
317_jpg.rf.fe65e6f5242e51fe3f6a6f5f982771f6.jpg,0,1
33_jpeg.rf.c072115e37b9c0c95335c218d1e59ce6.jpg,0,1
522_jpg.rf.f6ed1e58a24dc0abf3b4410ce23319fe.jpg,0,1
722_jpg.rf.f5130e4bf9ffd97ef2dffe8f0baef3ff.jpg,0,1
269_jpg.rf.1e80320661e4a03cae90160a49a8484d.jpg,0,1
144_jpg.rf.27d2860f7102bee5cc888d90f91119f5.jpg,1,1
343_jpg.rf.8970cad2a73bf51e116424ba8ec575cc.jpg,0,1
213_jpg.rf.8b722e271d9c6425d54878bdba680eda.jpg,0,1
148_jpg.rf.9d847058124c7c2423da6b77bd643934.jpg,0,1
848_jpg.rf.e466584587e26c0973cae0b9b48318be.jpg,0,1
411_jpg.rf.2507fbb9513d427680e2f6fa34eaae59.jpg,0,1
469_jpg.rf.c159a0d937e492683b1dcd4ade6f450f.jpg,0,1
1128_jpg.rf.552a3f414bdcb58b062115da11cfce72.jpg,0,1
698_jpg.rf.2d35ae7b0a74f7c3ac29bc65a330d567.jpg,0,1
843_jpg.rf.d824530823281186f7a851219cccd619.jpg,0,1
249_jpg.rf.095710ec41ab508e9a6ee9b6f8f51603.jpg,0,1
883_jpg.rf.d964a5839aa7c9d555412c7f4cbe13e0.jpg,0,1
431_jpg.rf.10d058019053dd2319a356adee61f6e0.jpg,0,1
289_jpg.rf.22f699ff1ee04cf85789de13fceb7cf2.jpg,0,1
53_jpeg.rf.6bad5021a499b584a610ce9374c55cf0.jpg,0,1
670_jpg.rf.330b39d9afec5b687c8164331e1a2bc6.jpg,0,1
160_jpg.rf.2f7538887afaa0e0aa366998f5c7a112.jpg,0,1
175_jpg.rf.7cc1408e1b04ac5be36fe080263a10e3.jpg,0,1
730_jpg.rf.941a8b3da5cc9788a40c5c29d34b31af.jpg,0,1
522_jpg.rf.f9bb178ac129a1360cb35c7092368c10.jpg,0,1
1064_jpg.rf.a9af37118ebdcb8911dc582a05488cb2.jpg,0,1
163_jpg.rf.6f959992cb516540718a14248ab49e72.jpg,0,1
148_jpg.rf.0a085475984d846982e08575b37976fb.jpg,0,1